ticker,entry_date,entry_open,exit_date,exit_open,exit_reason,hold_days,trade_return,trade_return_net,extras_used
1104,2025-10-21,32.75,2025-10-23,32.5,sunrise_attack_end,1,-0.007634,-0.013484,extras.intensity_floor
1203,2026-04-16,43.3,2026-04-21,44.0,sunrise_attack_end,2,0.016166,0.010316,extras.intensity_floor
1203,2026-04-17,43.7,2026-04-21,44.0,sunrise_attack_end,1,0.006865,0.001015,extras.intensity_floor
1215,2026-01-13,150.0,2026-01-15,148.0,sunrise_attack_end,1,-0.013333,-0.019183,extras.intensity_floor
1216,2025-07-08,83.4,2025-07-10,83.1,sunrise_attack_end,1,-0.003597,-0.009447,extras.intensity_floor
1216,2025-07-22,87.1,2025-07-24,86.3,reversal_k.bearish_engulfing,1,-0.009185,-0.015035,extras.intensity_floor
1236,2025-09-23,23.95,2025-09-30,24.4,sunrise_attack_end,3,0.018789,0.012939,extras.intensity_floor
1236,2025-09-25,24.3,2025-09-30,24.4,sunrise_attack_end,1,0.004115,-0.001735,extras.intensity_floor
1236,2025-10-02,25.5,2025-10-08,26.65,sunrise_attack_end,2,0.045098,0.039248,extras.intensity_floor
1236,2025-10-03,27.45,2025-10-08,26.65,sunrise_attack_end,1,-0.029144,-0.034994,extras.intensity_floor
1295,2025-06-06,97.0,2025-06-12,99.5,sunrise_attack_end,3,0.025773,0.019923,extras.intensity_floor
1303,2025-07-30,38.7,2025-08-04,39.0,sunrise_attack_end,2,0.007752,0.001902,extras.intensity_floor
1304,2026-03-20,15.45,2026-03-25,15.4,reversal_k.bearish_engulfing,2,-0.003236,-0.009086,extras.intensity_floor
1309,2026-03-09,13.8,2026-03-11,13.6,sunrise_attack_end,1,-0.014493,-0.020343,extras.intensity_floor
1323,2026-04-07,24.05,2026-04-09,22.5,high_long_black,1,-0.064449,-0.070299,extras.intensity_floor
1326,2025-08-22,31.6,2025-08-26,31.1,sunrise_attack_end,1,-0.015823,-0.021673,extras.intensity_floor
1402,2025-05-05,35.7,2025-05-07,35.55,sunrise_attack_end,1,-0.004202,-0.010052,extras.intensity_floor
1423,2026-03-11,40.55,2026-03-13,40.3,sunrise_attack_end,1,-0.006165,-0.012015,extras.intensity_floor
1423,2026-04-22,42.85,2026-04-24,41.95,sunrise_attack_end,1,-0.021004,-0.026854,extras.intensity_floor
1503,2026-01-22,239.0,2026-01-26,229.0,high_long_black,1,-0.041841,-0.047691,extras.intensity_floor
1512,2025-05-08,8.4,2025-05-13,8.5,sunrise_attack_end,2,0.011905,0.006055,extras.intensity_floor
1516,2025-12-29,24.05,2025-12-31,24.1,sunrise_attack_end,1,0.002079,-0.003771,extras.intensity_floor
1519,2025-08-08,688.0,2025-08-12,679.0,reversal_k.bearish_engulfing,1,-0.013081,-0.018931,extras.intensity_floor
1519,2026-01-20,982.0,2026-01-26,1030.0,high_long_black,3,0.04888,0.04303,extras.intensity_floor
1519,2026-01-21,1045.0,2026-01-26,1030.0,high_long_black,2,-0.014354,-0.020204,extras.intensity_floor
1560,2026-05-12,639.0,2026-05-14,640.0,sunrise_attack_end,1,0.001565,-0.004285,extras.intensity_floor
1570,2025-10-02,34.8,2025-10-08,33.6,sunrise_attack_end,2,-0.034483,-0.040333,extras.intensity_floor
1570,2026-04-21,40.6,2026-04-24,40.1,reversal_k.bearish_engulfing,2,-0.012315,-0.018165,extras.intensity_floor
1595,2026-05-04,75.5,2026-05-06,93.1,sunrise_attack_end,1,0.233113,0.227263,extras.intensity_floor
1599,2025-07-15,32.45,2025-07-18,32.9,sunrise_attack_end,2,0.013867,0.008017,extras.intensity_floor
1603,2026-01-23,43.9,2026-01-27,42.95,gap_attack_filled,1,-0.02164,-0.02749,extras.intensity_floor
1605,2025-11-13,34.1,2025-11-17,33.0,breakout_price_break,1,-0.032258,-0.038108,extras.intensity_floor
1612,2025-06-17,38.55,2025-06-20,38.8,gap_attack_filled,2,0.006485,0.000635,extras.intensity_floor
1616,2025-06-11,33.0,2025-06-20,43.55,sunrise_attack_end,6,0.319697,0.313847,extras.intensity_floor
1623,2025-12-22,242.75,2025-12-31,269.16,reversal_k.bearish_engulfing,5,0.108795,0.102945,extras.intensity_floor
1623,2025-12-23,246.5,2025-12-31,269.16,reversal_k.bearish_engulfing,4,0.091927,0.086077,extras.intensity_floor
1623,2025-12-24,254.49,2025-12-31,269.16,reversal_k.bearish_engulfing,3,0.057645,0.051795,extras.intensity_floor
1708,2026-03-19,46.45,2026-03-23,45.5,reversal_k.bearish_engulfing,1,-0.020452,-0.026302,extras.intensity_floor
1711,2026-01-14,25.0,2026-01-16,23.6,high_long_black,1,-0.056,-0.06185,extras.intensity_floor
1714,2026-01-08,9.28,2026-01-12,9.0,gap_fill,1,-0.030172,-0.036022,extras.intensity_floor
1727,2025-07-28,33.4,2025-07-30,32.4,high_long_black,1,-0.02994,-0.03579,extras.intensity_floor
1727,2025-08-19,40.3,2025-08-21,38.35,high_long_black,1,-0.048387,-0.054237,extras.intensity_floor
1727,2026-01-07,49.5,2026-01-09,46.35,high_long_black,1,-0.063636,-0.069486,extras.intensity_floor
1727,2026-03-12,55.0,2026-03-17,55.1,high_long_black,2,0.001818,-0.004032,extras.intensity_floor
1727,2026-04-27,74.5,2026-05-06,79.6,reversal_k.bearish_engulfing,5,0.068456,0.062606,extras.intensity_floor
1734,2025-05-19,33.1,2025-05-23,33.55,sunrise_attack_end,3,0.013595,0.007745,extras.intensity_floor
1785,2026-04-29,170.0,2026-05-04,166.0,sunrise_attack_end,1,-0.023529,-0.029379,extras.intensity_floor
1789,2026-01-16,26.75,2026-01-22,28.4,reversal_k.bearish_engulfing,3,0.061682,0.055832,extras.intensity_floor
1789,2026-01-20,28.7,2026-01-22,28.4,reversal_k.bearish_engulfing,1,-0.010453,-0.016303,extras.intensity_floor
1795,2026-01-29,357.5,2026-02-03,357.5,sunrise_attack_end,2,0.0,-0.00585,extras.intensity_floor
1796,2025-09-01,64.9,2025-09-04,66.3,sunrise_attack_end,2,0.021572,0.015722,extras.intensity_floor
1904,2026-03-26,20.5,2026-03-30,20.15,gap_attack_filled,1,-0.017073,-0.022923,extras.intensity_floor
2006,2026-03-04,79.5,2026-03-09,78.0,sunrise_attack_end,2,-0.018868,-0.024718,extras.intensity_floor
2006,2026-03-05,80.0,2026-03-09,78.0,sunrise_attack_end,1,-0.025,-0.03085,extras.intensity_floor
2006,2026-03-11,82.6,2026-03-13,80.0,sunrise_attack_end,1,-0.031477,-0.037327,extras.intensity_floor
2010,2025-08-18,22.3,2025-08-20,21.8,sunrise_attack_end,1,-0.022422,-0.028272,extras.intensity_floor
2010,2026-02-04,22.55,2026-02-06,22.2,reversal_k.bearish_engulfing,1,-0.015521,-0.021371,extras.intensity_floor
2010,2026-03-12,24.45,2026-03-17,24.1,sunrise_attack_end,2,-0.014315,-0.020165,extras.intensity_floor
2017,2026-03-20,10.7,2026-03-25,10.3,sunrise_attack_end,2,-0.037383,-0.043233,extras.intensity_floor
2022,2026-03-20,9.49,2026-03-24,9.26,sunrise_attack_end,1,-0.024236,-0.030086,extras.intensity_floor
2049,2026-04-21,302.5,2026-04-24,305.0,reversal_k.bearish_engulfing,2,0.008264,0.002414,extras.intensity_floor
2049,2026-04-22,315.5,2026-04-24,305.0,reversal_k.bearish_engulfing,1,-0.033281,-0.039131,extras.intensity_floor
2059,2025-06-05,2170.0,2025-06-09,2145.0,sunrise_attack_end,1,-0.011521,-0.017371,extras.intensity_floor
2059,2025-07-18,2425.0,2025-07-24,2515.0,sunrise_attack_end,3,0.037113,0.031263,extras.intensity_floor
2059,2025-10-31,4115.0,2025-11-06,4210.0,reversal_k.gap_reversal,3,0.023086,0.017236,extras.intensity_floor
2059,2025-11-03,4250.0,2025-11-06,4210.0,reversal_k.gap_reversal,2,-0.009412,-0.015262,extras.intensity_floor
2070,2026-05-04,63.0,2026-05-06,64.2,sunrise_attack_end,1,0.019048,0.013198,extras.intensity_floor
2070,2026-05-07,72.6,2026-05-12,68.0,reversal_k.gap_reversal,2,-0.063361,-0.069211,extras.intensity_floor
2072,2025-06-03,289.5,2025-06-10,339.91,sunrise_attack_end,4,0.174128,0.168278,extras.intensity_floor
2072,2025-06-04,303.92,2025-06-10,339.91,sunrise_attack_end,3,0.118419,0.112569,extras.intensity_floor
2072,2025-06-06,340.97,2025-06-10,339.91,sunrise_attack_end,1,-0.003109,-0.008959,extras.intensity_floor
2207,2025-05-06,652.0,2025-05-08,642.0,sunrise_attack_end,1,-0.015337,-0.021187,extras.intensity_floor
2228,2025-08-11,111.0,2025-08-13,112.5,sunrise_attack_end,1,0.013514,0.007664,extras.intensity_floor
2231,2025-09-10,149.5,2025-09-12,148.5,gap_attack_filled,1,-0.006689,-0.012539,extras.intensity_floor
2241,2025-10-20,37.95,2025-10-22,36.75,breakout_price_break,1,-0.031621,-0.037471,extras.intensity_floor
2241,2025-12-04,40.65,2025-12-08,39.1,sunrise_attack_end,1,-0.03813,-0.04398,extras.intensity_floor
2301,2025-07-10,117.5,2025-07-15,115.0,sunrise_attack_end,2,-0.021277,-0.027127,extras.intensity_floor
2301,2025-09-22,185.0,2025-09-25,175.0,high_long_black,2,-0.054054,-0.059904,extras.intensity_floor
2303,2026-05-05,88.5,2026-05-11,94.7,high_long_black,3,0.070056,0.064206,extras.intensity_floor
2308,2025-07-03,451.5,2025-07-08,450.0,sunrise_attack_end,2,-0.003322,-0.009172,extras.intensity_floor
2308,2025-08-11,642.0,2025-08-15,670.0,sunrise_attack_end,3,0.043614,0.037764,extras.intensity_floor
2308,2025-08-13,667.0,2025-08-15,670.0,sunrise_attack_end,1,0.004498,-0.001352,extras.intensity_floor
2308,2026-02-25,1450.0,2026-03-02,1355.0,sunrise_attack_end,1,-0.065517,-0.071367,extras.intensity_floor
2313,2025-12-17,96.0,2025-12-19,93.0,high_long_black,1,-0.03125,-0.0371,extras.intensity_floor
2316,2025-07-31,78.5,2025-08-05,78.5,sunrise_attack_end,2,0.0,-0.00585,extras.intensity_floor
2316,2025-08-18,105.0,2025-08-22,109.0,high_long_black,3,0.038095,0.032245,extras.intensity_floor
2317,2025-08-07,197.0,2025-08-11,194.0,gap_attack_filled,1,-0.015228,-0.021078,extras.intensity_floor
2317,2025-08-15,207.5,2025-08-21,201.0,reversal_k.gap_reversal,3,-0.031325,-0.037175,extras.intensity_floor
2317,2025-09-25,230.0,2025-09-30,224.0,reversal_k.bearish_engulfing,1,-0.026087,-0.031937,extras.intensity_floor
2317,2025-10-20,241.5,2025-10-22,238.0,gap_attack_filled,1,-0.014493,-0.020343,extras.intensity_floor
2317,2025-10-29,262.5,2025-11-03,255.0,sunrise_attack_end,2,-0.028571,-0.034421,extras.intensity_floor
2323,2025-12-11,11.1,2025-12-16,11.1,sunrise_attack_end,2,0.0,-0.00585,extras.intensity_floor
2330,2025-09-10,1255.0,2025-09-15,1260.0,sunrise_attack_end,2,0.003984,-0.001866,extras.intensity_floor
2330,2025-09-23,1350.0,2025-09-26,1310.0,sunrise_attack_end,2,-0.02963,-0.03548,extras.intensity_floor
2330,2025-10-02,1365.0,2025-10-09,1440.0,sunrise_attack_end,3,0.054945,0.049095,extras.intensity_floor
2330,2025-10-03,1420.0,2025-10-09,1440.0,sunrise_attack_end,2,0.014085,0.008235,extras.intensity_floor
2330,2025-10-16,1455.0,2025-10-20,1460.0,sunrise_attack_end,1,0.003436,-0.002414,extras.intensity_floor
2330,2025-12-29,1515.0,2025-12-31,1520.0,sunrise_attack_end,1,0.0033,-0.00255,extras.intensity_floor
2330,2026-02-24,1995.0,2026-03-02,1940.0,sunrise_attack_end,2,-0.027569,-0.033419,extras.intensity_floor
2344,2025-09-10,25.7,2025-09-15,26.95,sunrise_attack_end,2,0.048638,0.042788,extras.intensity_floor
2344,2025-10-20,45.7,2025-10-22,43.7,sunrise_attack_end,1,-0.043764,-0.049614,extras.intensity_floor
2345,2025-08-11,1030.0,2025-08-15,1025.0,sunrise_attack_end,3,-0.004854,-0.010704,extras.intensity_floor
2345,2025-08-13,1055.0,2025-08-15,1025.0,sunrise_attack_end,1,-0.028436,-0.034286,extras.intensity_floor
2345,2025-09-10,1100.0,2025-09-15,1100.0,sunrise_attack_end,2,0.0,-0.00585,extras.intensity_floor
2351,2026-04-07,110.0,2026-04-10,121.0,sunrise_attack_end,2,0.1,0.09415,extras.intensity_floor
2355,2026-03-27,49.5,2026-04-02,53.3,gap_attack_filled,3,0.076768,0.070918,extras.intensity_floor
2360,2025-06-30,442.5,2025-07-03,434.5,reversal_k.gap_reversal,2,-0.018079,-0.023929,extras.intensity_floor
2360,2025-10-27,732.0,2025-10-29,778.0,sunrise_attack_end,1,0.062842,0.056992,extras.intensity_floor
2364,2025-07-08,104.5,2025-07-10,98.1,gap_attack_filled,1,-0.061244,-0.067094,extras.intensity_floor
2364,2025-08-08,118.5,2025-08-12,118.0,sunrise_attack_end,1,-0.004219,-0.010069,extras.intensity_floor
2367,2026-02-04,60.8,2026-02-06,55.0,high_long_black,1,-0.095395,-0.101245,extras.intensity_floor
2368,2025-06-03,272.0,2025-06-05,270.5,gap_attack_filled,1,-0.005515,-0.011365,extras.intensity_floor
2368,2025-07-31,368.5,2025-08-05,369.0,sunrise_attack_end,2,0.001357,-0.004493,extras.intensity_floor
2368,2025-11-12,560.0,2025-11-17,565.0,sunrise_attack_end,2,0.008929,0.003079,extras.intensity_floor
2368,2025-12-24,672.0,2025-12-30,696.0,sunrise_attack_end,2,0.035714,0.029864,extras.intensity_floor
2368,2025-12-26,701.0,2025-12-30,696.0,sunrise_attack_end,1,-0.007133,-0.012983,extras.intensity_floor
2382,2025-10-07,307.0,2025-10-09,310.0,sunrise_attack_end,1,0.009772,0.003922,extras.intensity_floor
2382,2026-04-21,342.0,2026-04-23,337.5,gap_attack_filled,1,-0.013158,-0.019008,extras.intensity_floor
2383,2025-08-13,1210.0,2025-08-18,1300.0,sunrise_attack_end,2,0.07438,0.06853,extras.intensity_floor
2383,2025-12-24,1685.0,2025-12-29,1650.0,sunrise_attack_end,1,-0.020772,-0.026622,extras.intensity_floor
2383,2026-01-28,1925.0,2026-01-30,1795.0,reversal_k.bearish_engulfing,1,-0.067532,-0.073382,extras.intensity_floor
2383,2026-02-11,2275.0,2026-02-24,2210.0,high_long_black,1,-0.028571,-0.034421,extras.intensity_floor
2383,2026-03-12,2580.0,2026-03-17,2645.0,high_long_black,2,0.025194,0.019344,extras.intensity_floor
2383,2026-04-08,3225.0,2026-04-17,3770.0,gap_attack_filled,6,0.168992,0.163142,extras.intensity_floor
2383,2026-04-14,3870.0,2026-04-17,3770.0,gap_attack_filled,2,-0.02584,-0.03169,extras.intensity_floor
2383,2026-04-27,4650.0,2026-04-29,4165.0,high_long_black,1,-0.104301,-0.110151,extras.intensity_floor
2383,2026-05-06,5110.0,2026-05-08,4810.0,gap_attack_filled,1,-0.058708,-0.064558,extras.intensity_floor
2402,2025-08-14,54.5,2025-08-21,60.0,reversal_k.bearish_engulfing,4,0.100917,0.095067,extras.intensity_floor
2404,2025-06-11,594.0,2025-06-13,586.0,sunrise_attack_end,1,-0.013468,-0.019318,extras.intensity_floor
2404,2025-06-20,599.0,2025-06-24,619.0,sunrise_attack_end,1,0.033389,0.027539,extras.intensity_floor
2404,2025-07-11,735.0,2025-07-16,745.0,sunrise_attack_end,2,0.013605,0.007755,extras.intensity_floor
2404,2025-08-26,1185.0,2025-08-29,1200.0,sunrise_attack_end,2,0.012658,0.006808,extras.intensity_floor
2408,2026-01-02,211.0,2026-01-06,214.0,gap_attack_filled,1,0.014218,0.008368,extras.intensity_floor
2421,2025-10-16,143.0,2025-10-20,135.0,high_long_black,1,-0.055944,-0.061794,extras.intensity_floor
2421,2025-11-10,178.0,2025-11-14,180.0,sunrise_attack_end,3,0.011236,0.005386,extras.intensity_floor
2421,2025-11-12,185.5,2025-11-14,180.0,sunrise_attack_end,1,-0.02965,-0.0355,extras.intensity_floor
2423,2025-08-20,56.1,2025-08-25,56.2,sunrise_attack_end,2,0.001783,-0.004067,extras.intensity_floor
2426,2026-03-12,32.95,2026-03-20,35.0,sunrise_attack_end,5,0.062215,0.056365,extras.intensity_floor
2426,2026-03-17,37.3,2026-03-20,35.0,sunrise_attack_end,2,-0.061662,-0.067512,extras.intensity_floor
2428,2025-09-24,175.5,2025-09-26,169.5,sunrise_attack_end,1,-0.034188,-0.040038,extras.intensity_floor
2428,2025-10-20,185.5,2025-10-28,205.0,sunrise_attack_end,4,0.105121,0.099271,extras.intensity_floor
2429,2025-09-09,139.0,2025-09-12,144.5,high_long_black,2,0.039568,0.033718,extras.intensity_floor
2436,2026-03-18,68.4,2026-03-23,64.2,sunrise_attack_end,2,-0.061404,-0.067254,extras.intensity_floor
2441,2025-12-10,80.0,2025-12-15,80.0,high_long_black,2,0.0,-0.00585,extras.intensity_floor
2449,2025-09-08,168.0,2025-09-10,172.5,sunrise_attack_end,1,0.026786,0.020936,extras.intensity_floor
2449,2025-10-31,223.0,2025-11-05,206.0,reversal_k.bearish_engulfing,2,-0.076233,-0.082083,extras.intensity_floor
2454,2026-04-21,2120.0,2026-04-24,2340.0,high_long_black,2,0.103774,0.097924,extras.intensity_floor
2454,2026-04-24,2470.0,2026-04-30,2665.0,sunrise_attack_end,3,0.078947,0.073097,extras.intensity_floor
2455,2026-02-26,221.0,2026-03-05,232.0,sunrise_attack_end,3,0.049774,0.043924,extras.intensity_floor
2467,2025-08-27,208.0,2025-08-29,206.0,gap_fill,1,-0.009615,-0.015465,extras.intensity_floor
2467,2026-03-18,397.5,2026-03-20,382.0,reversal_k.dark_double_star,1,-0.038994,-0.044844,extras.intensity_floor
2467,2026-03-26,404.0,2026-03-30,402.0,sunrise_attack_end,1,-0.00495,-0.0108,extras.intensity_floor
2472,2026-04-13,178.5,2026-04-17,178.0,sunrise_attack_end,3,-0.002801,-0.008651,extras.intensity_floor
2478,2025-05-16,48.9,2025-05-20,47.9,sunrise_attack_end,1,-0.02045,-0.0263,extras.intensity_floor
2478,2026-05-07,80.3,2026-05-11,78.2,breakout_price_break,1,-0.026152,-0.032002,extras.intensity_floor
2480,2025-05-22,172.0,2025-05-26,167.0,sunrise_attack_end,1,-0.02907,-0.03492,extras.intensity_floor
2481,2025-08-18,60.3,2025-08-21,63.8,sunrise_attack_end,2,0.058043,0.052193,extras.intensity_floor
2484,2026-04-13,37.3,2026-04-15,35.5,high_long_black,1,-0.048257,-0.054107,extras.intensity_floor
2485,2026-01-28,40.4,2026-02-02,40.1,sunrise_attack_end,2,-0.007426,-0.013276,extras.intensity_floor
2486,2026-02-05,136.0,2026-02-09,143.0,sunrise_attack_end,1,0.051471,0.045621,extras.intensity_floor
2488,2026-04-16,52.6,2026-04-20,51.8,sunrise_attack_end,1,-0.015209,-0.021059,extras.intensity_floor
2491,2025-12-17,24.95,2025-12-22,21.55,high_long_black,2,-0.136273,-0.142123,extras.intensity_floor
2493,2025-08-29,170.0,2025-09-02,158.5,high_long_black,1,-0.067647,-0.073497,extras.intensity_floor
2495,2026-01-28,36.55,2026-02-02,34.25,sunrise_attack_end,2,-0.062927,-0.068777,extras.intensity_floor
2609,2025-05-16,84.2,2025-05-20,82.5,sunrise_attack_end,1,-0.02019,-0.02604,extras.intensity_floor
2612,2025-12-04,74.1,2025-12-08,68.2,high_long_black,1,-0.079622,-0.085472,extras.intensity_floor
2614,2025-09-10,22.2,2025-09-15,22.4,sunrise_attack_end,2,0.009009,0.003159,extras.intensity_floor
2615,2025-05-15,103.0,2025-05-21,113.0,sunrise_attack_end,3,0.097087,0.091237,extras.intensity_floor
2633,2025-06-11,28.45,2025-06-18,29.05,sunrise_attack_end,4,0.02109,0.01524,extras.intensity_floor
2633,2025-06-12,28.4,2025-06-18,29.05,sunrise_attack_end,3,0.022887,0.017037,extras.intensity_floor
2633,2025-06-13,28.75,2025-06-18,29.05,sunrise_attack_end,2,0.010435,0.004585,extras.intensity_floor
2640,2026-03-24,163.5,2026-04-01,197.5,sunrise_attack_end,5,0.207951,0.202101,extras.intensity_floor
2727,2025-05-23,251.0,2025-05-28,256.0,sunrise_attack_end,2,0.01992,0.01407,extras.intensity_floor
2727,2025-05-26,256.0,2025-05-28,256.0,sunrise_attack_end,1,0.0,-0.00585,extras.intensity_floor
2754,2025-08-29,90.5,2025-09-05,91.6,sunrise_attack_end,4,0.012155,0.006305,extras.intensity_floor
2754,2025-09-01,90.8,2025-09-05,91.6,sunrise_attack_end,3,0.008811,0.002961,extras.intensity_floor
2754,2025-09-09,94.8,2025-09-11,95.4,sunrise_attack_end,1,0.006329,0.000479,extras.intensity_floor
2754,2025-09-15,101.5,2025-09-18,99.3,sunrise_attack_end,2,-0.021675,-0.027525,extras.intensity_floor
2756,2025-06-09,113.0,2025-06-12,109.0,sunrise_attack_end,2,-0.035398,-0.041248,extras.intensity_floor
2801,2025-05-08,18.4,2025-05-12,18.5,sunrise_attack_end,1,0.005435,-0.000415,extras.intensity_floor
2801,2025-06-26,18.95,2025-06-30,18.95,sunrise_attack_end,1,0.0,-0.00585,extras.intensity_floor
2801,2025-07-03,19.55,2025-07-10,19.8,sunrise_attack_end,4,0.012788,0.006938,extras.intensity_floor
2801,2025-07-07,19.8,2025-07-10,19.8,sunrise_attack_end,2,0.0,-0.00585,extras.intensity_floor
2801,2026-02-23,21.8,2026-02-26,21.65,reversal_k.bearish_engulfing,2,-0.006881,-0.012731,extras.intensity_floor
2812,2025-06-30,22.0,2025-07-03,22.15,sunrise_attack_end,2,0.006818,0.000968,extras.intensity_floor
2812,2025-08-06,23.95,2025-08-08,23.55,reversal_k.bearish_engulfing,1,-0.016701,-0.022551,extras.intensity_floor
2820,2025-05-15,15.4,2025-05-19,15.45,sunrise_attack_end,1,0.003247,-0.002603,extras.intensity_floor
2820,2025-08-13,16.2,2025-08-18,16.4,sunrise_attack_end,2,0.012346,0.006496,extras.intensity_floor
2820,2025-09-03,17.05,2025-09-05,17.05,sunrise_attack_end,1,0.0,-0.00585,extras.intensity_floor
2820,2026-02-23,17.25,2026-02-25,17.3,sunrise_attack_end,1,0.002899,-0.002951,extras.intensity_floor
2832,2025-09-24,37.0,2025-09-26,36.65,sunrise_attack_end,1,-0.009459,-0.015309,extras.intensity_floor
2832,2025-11-13,50.5,2025-11-17,50.1,sunrise_attack_end,1,-0.007921,-0.013771,extras.intensity_floor
2832,2025-11-25,54.2,2025-11-27,53.9,sunrise_attack_end,1,-0.005535,-0.011385,extras.intensity_floor
2838,2025-06-26,18.0,2025-06-30,17.8,sunrise_attack_end,1,-0.011111,-0.016961,extras.intensity_floor
2838,2025-10-08,19.75,2025-10-13,18.95,gap_attack_filled,1,-0.040506,-0.046356,extras.intensity_floor
2838,2026-02-23,20.15,2026-02-25,20.05,sunrise_attack_end,1,-0.004963,-0.010813,extras.intensity_floor
2838,2026-03-26,20.65,2026-03-31,20.65,sunrise_attack_end,2,0.0,-0.00585,extras.intensity_floor
2838,2026-03-27,20.65,2026-03-31,20.65,sunrise_attack_end,1,0.0,-0.00585,extras.intensity_floor
2838,2026-04-16,21.55,2026-04-20,20.85,reversal_k.bearish_engulfing,1,-0.032483,-0.038333,extras.intensity_floor
2850,2025-09-03,118.0,2025-09-08,120.0,sunrise_attack_end,2,0.016949,0.011099,extras.intensity_floor
2850,2026-04-14,126.0,2026-04-17,125.0,reversal_k.bearish_engulfing,2,-0.007937,-0.013787,extras.intensity_floor
2850,2026-04-15,128.0,2026-04-17,125.0,reversal_k.bearish_engulfing,1,-0.023438,-0.029288,extras.intensity_floor
2850,2026-04-30,136.5,2026-05-05,130.0,reversal_k.bearish_engulfing,1,-0.047619,-0.053469,extras.intensity_floor
2851,2026-03-17,30.0,2026-03-20,30.2,sunrise_attack_end,2,0.006667,0.000817,extras.intensity_floor
2851,2026-03-18,30.45,2026-03-20,30.2,sunrise_attack_end,1,-0.00821,-0.01406,extras.intensity_floor
2855,2026-04-27,35.7,2026-04-29,35.7,reversal_k.bearish_engulfing,1,0.0,-0.00585,extras.intensity_floor
2880,2025-12-04,30.65,2025-12-09,30.55,reversal_k.bearish_engulfing,2,-0.003263,-0.009113,extras.intensity_floor
2880,2025-12-05,30.8,2025-12-09,30.55,reversal_k.bearish_engulfing,1,-0.008117,-0.013967,extras.intensity_floor
2880,2026-01-15,33.1,2026-01-20,32.8,sunrise_attack_end,2,-0.009063,-0.014913,extras.intensity_floor
2880,2026-01-16,32.7,2026-01-20,32.8,sunrise_attack_end,1,0.003058,-0.002792,extras.intensity_floor
2880,2026-01-29,33.75,2026-02-02,33.45,reversal_k.bearish_engulfing,1,-0.008889,-0.014739,extras.intensity_floor
2880,2026-02-09,34.0,2026-02-11,34.2,sunrise_attack_end,1,0.005882,3.2e-05,extras.intensity_floor
2880,2026-02-23,37.55,2026-03-03,36.7,sunrise_attack_end,4,-0.022636,-0.028486,extras.intensity_floor
2880,2026-02-26,38.0,2026-03-03,36.7,sunrise_attack_end,1,-0.034211,-0.040061,extras.intensity_floor
2882,2025-12-19,75.8,2025-12-24,77.0,sunrise_attack_end,2,0.015831,0.009981,extras.intensity_floor
2882,2025-12-22,76.8,2025-12-24,77.0,sunrise_attack_end,1,0.002604,-0.003246,extras.intensity_floor
2882,2026-02-11,81.4,2026-02-25,78.2,sunrise_attack_end,2,-0.039312,-0.045162,extras.intensity_floor
2882,2026-02-23,79.2,2026-02-25,78.2,sunrise_attack_end,1,-0.012626,-0.018476,extras.intensity_floor
2883,2026-02-23,20.4,2026-03-03,21.0,sunrise_attack_end,4,0.029412,0.023562,extras.intensity_floor
2883,2026-02-25,20.8,2026-03-03,21.0,sunrise_attack_end,2,0.009615,0.003765,extras.intensity_floor
2883,2026-02-26,21.2,2026-03-03,21.0,sunrise_attack_end,1,-0.009434,-0.015284,extras.intensity_floor
2884,2025-06-06,30.9,2025-06-12,31.1,sunrise_attack_end,3,0.006472,0.000622,extras.intensity_floor
2884,2025-06-09,31.1,2025-06-12,31.1,sunrise_attack_end,2,0.0,-0.00585,extras.intensity_floor
2884,2025-06-10,31.25,2025-06-12,31.1,sunrise_attack_end,1,-0.0048,-0.01065,extras.intensity_floor
2884,2025-06-26,32.2,2025-07-01,32.85,sunrise_attack_end,2,0.020186,0.014336,extras.intensity_floor
2884,2025-06-27,32.9,2025-07-01,32.85,sunrise_attack_end,1,-0.00152,-0.00737,extras.intensity_floor
2884,2025-07-07,34.0,2025-07-10,34.05,sunrise_attack_end,2,0.001471,-0.004379,extras.intensity_floor
2884,2025-07-14,35.15,2025-07-16,34.9,sunrise_attack_end,1,-0.007112,-0.012962,extras.intensity_floor
2885,2025-12-17,39.4,2025-12-19,39.25,sunrise_attack_end,1,-0.003807,-0.009657,extras.intensity_floor
2885,2026-01-15,41.85,2026-01-19,42.2,sunrise_attack_end,1,0.008363,0.002513,extras.intensity_floor
2885,2026-02-11,46.95,2026-02-25,47.15,sunrise_attack_end,2,0.00426,-0.00159,extras.intensity_floor
2885,2026-02-23,46.55,2026-02-25,47.15,sunrise_attack_end,1,0.012889,0.007039,extras.intensity_floor
2886,2025-05-15,40.3,2025-05-20,41.3,sunrise_attack_end,2,0.024814,0.018964,extras.intensity_floor
2886,2025-05-16,40.45,2025-05-20,41.3,sunrise_attack_end,1,0.021014,0.015164,extras.intensity_floor
2886,2025-07-23,42.65,2025-07-25,42.7,sunrise_attack_end,1,0.001172,-0.004678,extras.intensity_floor
2889,2026-02-23,17.6,2026-02-25,17.25,sunrise_attack_end,1,-0.019886,-0.025736,extras.intensity_floor
2890,2025-07-14,25.4,2025-07-18,25.65,reversal_k.bearish_engulfing,3,0.009843,0.003993,extras.intensity_floor
2890,2025-08-06,26.3,2025-08-12,26.1,sunrise_attack_end,3,-0.007605,-0.013455,extras.intensity_floor
2890,2025-12-16,28.2,2025-12-19,28.85,sunrise_attack_end,2,0.02305,0.0172,extras.intensity_floor
2890,2025-12-17,29.05,2025-12-19,28.85,sunrise_attack_end,1,-0.006885,-0.012735,extras.intensity_floor
2890,2026-02-11,32.45,2026-02-25,32.7,sunrise_attack_end,2,0.007704,0.001854,extras.intensity_floor
2890,2026-02-23,32.6,2026-02-25,32.7,sunrise_attack_end,1,0.003067,-0.002783,extras.intensity_floor
2891,2025-05-16,41.95,2025-05-20,41.65,sunrise_attack_end,1,-0.007151,-0.013001,extras.intensity_floor
2891,2025-06-26,44.3,2025-07-01,43.75,sunrise_attack_end,2,-0.012415,-0.018265,extras.intensity_floor
2891,2025-12-09,44.95,2025-12-11,45.0,sunrise_attack_end,1,0.001112,-0.004738,extras.intensity_floor
2891,2025-12-12,46.5,2025-12-17,46.9,sunrise_attack_end,2,0.008602,0.002752,extras.intensity_floor
2891,2025-12-22,50.4,2025-12-24,50.1,sunrise_attack_end,1,-0.005952,-0.011802,extras.intensity_floor
2891,2026-01-19,51.0,2026-01-21,51.0,sunrise_attack_end,1,0.0,-0.00585,extras.intensity_floor
2892,2025-06-19,28.5,2025-06-23,28.05,sunrise_attack_end,1,-0.015789,-0.021639,extras.intensity_floor
3002,2025-08-15,16.55,2025-08-21,17.8,high_long_black,3,0.075529,0.069679,extras.intensity_floor
3002,2025-10-16,25.55,2025-10-20,24.85,high_long_black,1,-0.027397,-0.033247,extras.intensity_floor
3005,2025-08-26,147.5,2025-09-01,153.5,reversal_k.bearish_engulfing,3,0.040678,0.034828,extras.intensity_floor
3005,2025-08-28,157.0,2025-09-01,153.5,reversal_k.bearish_engulfing,1,-0.022293,-0.028143,extras.intensity_floor
3006,2025-12-31,119.5,2026-01-09,142.0,sunrise_attack_end,5,0.188285,0.182435,extras.intensity_floor
3006,2026-01-07,143.5,2026-01-09,142.0,sunrise_attack_end,1,-0.010453,-0.016303,extras.intensity_floor
3010,2026-01-28,126.0,2026-01-30,124.0,sunrise_attack_end,1,-0.015873,-0.021723,extras.intensity_floor
3017,2025-06-03,681.0,2025-06-06,677.0,sunrise_attack_end,2,-0.005874,-0.011724,extras.intensity_floor
3017,2025-06-11,723.0,2025-06-16,749.0,sunrise_attack_end,2,0.035961,0.030111,extras.intensity_floor
3017,2025-07-03,798.0,2025-07-07,775.0,breakout_price_break,1,-0.028822,-0.034672,extras.intensity_floor
3017,2025-07-10,840.0,2025-07-14,827.0,sunrise_attack_end,1,-0.015476,-0.021326,extras.intensity_floor
3017,2025-08-05,989.0,2025-08-12,1085.0,sunrise_attack_end,4,0.097068,0.091218,extras.intensity_floor
3017,2025-08-07,1045.0,2025-08-12,1085.0,sunrise_attack_end,2,0.038278,0.032428,extras.intensity_floor
3017,2025-11-03,1510.0,2025-11-05,1395.0,reversal_k.bearish_engulfing,1,-0.076159,-0.082009,extras.intensity_floor
3017,2026-03-26,2200.0,2026-03-30,2115.0,sunrise_attack_end,1,-0.038636,-0.044486,extras.intensity_floor
3017,2026-04-16,2435.0,2026-04-20,2410.0,sunrise_attack_end,1,-0.010267,-0.016117,extras.intensity_floor
3026,2025-09-19,98.8,2025-09-24,96.9,sunrise_attack_end,2,-0.019231,-0.025081,extras.intensity_floor
3027,2025-05-09,37.8,2025-05-14,39.0,gap_fill,2,0.031746,0.025896,extras.intensity_floor
3028,2025-05-15,34.5,2025-05-19,34.5,sunrise_attack_end,1,0.0,-0.00585,extras.intensity_floor
3028,2025-10-27,34.9,2025-10-30,35.5,sunrise_attack_end,2,0.017192,0.011342,extras.intensity_floor
3030,2025-08-18,206.0,2025-08-21,197.0,reversal_k.gap_reversal,2,-0.043689,-0.049539,extras.intensity_floor
3030,2026-04-10,308.0,2026-04-15,303.0,reversal_k.bearish_engulfing,2,-0.016234,-0.022084,extras.intensity_floor
3031,2026-03-17,23.5,2026-03-19,22.1,gap_fill,1,-0.059574,-0.065424,extras.intensity_floor
3036,2025-05-19,124.0,2025-05-21,122.0,gap_attack_filled,1,-0.016129,-0.021979,extras.intensity_floor
3037,2026-04-22,726.0,2026-04-24,775.0,sunrise_attack_end,1,0.067493,0.061643,extras.intensity_floor
3040,2025-06-30,70.7,2025-07-02,69.4,sunrise_attack_end,1,-0.018388,-0.024238,extras.intensity_floor
3044,2025-06-10,220.0,2025-06-12,219.0,sunrise_attack_end,1,-0.004545,-0.010395,extras.intensity_floor
3044,2025-07-21,270.5,2025-07-25,276.0,sunrise_attack_end,3,0.020333,0.014483,extras.intensity_floor
3054,2026-03-09,54.1,2026-03-20,90.0,sunrise_attack_end,8,0.663586,0.657736,extras.intensity_floor
3059,2025-09-05,60.0,2025-09-10,62.7,sunrise_attack_end,2,0.045,0.03915,extras.intensity_floor
3062,2026-04-01,34.0,2026-04-07,31.3,reversal_k.bearish_engulfing,1,-0.079412,-0.085262,extras.intensity_floor
3086,2026-03-20,289.5,2026-03-25,300.0,sunrise_attack_end,2,0.036269,0.030419,extras.intensity_floor
3088,2026-04-30,113.0,2026-05-11,127.0,sunrise_attack_end,5,0.123894,0.118044,extras.intensity_floor
3088,2026-05-13,135.5,2026-05-15,131.5,reversal_k.bearish_engulfing,1,-0.02952,-0.03537,extras.intensity_floor
3090,2025-10-22,85.9,2025-10-30,93.0,reversal_k.bearish_engulfing,4,0.082654,0.076804,extras.intensity_floor
3090,2025-10-23,93.1,2025-10-30,93.0,reversal_k.bearish_engulfing,3,-0.001074,-0.006924,extras.intensity_floor
3090,2026-05-14,133.5,2026-05-15,133.5,open,1,0.0,-0.00585,extras.intensity_floor
3105,2025-12-09,167.0,2025-12-15,176.0,sunrise_attack_end,3,0.053892,0.048042,extras.intensity_floor
3105,2026-01-28,259.5,2026-01-30,242.5,reversal_k.bearish_engulfing,1,-0.065511,-0.071361,extras.intensity_floor
3105,2026-04-10,466.0,2026-04-15,459.0,sunrise_attack_end,2,-0.015021,-0.020871,extras.intensity_floor
3131,2025-06-12,1540.0,2025-06-17,1590.0,sunrise_attack_end,2,0.032468,0.026618,extras.intensity_floor
3135,2025-12-31,90.1,2026-01-06,90.5,high_long_black,2,0.00444,-0.00141,extras.intensity_floor
3138,2026-01-15,153.0,2026-01-19,155.5,sunrise_attack_end,1,0.01634,0.01049,extras.intensity_floor
3138,2026-01-21,179.0,2026-01-26,176.0,sunrise_attack_end,2,-0.01676,-0.02261,extras.intensity_floor
3149,2025-09-22,46.0,2025-09-24,44.3,sunrise_attack_end,1,-0.036957,-0.042807,extras.intensity_floor
3162,2026-04-22,80.1,2026-04-27,81.5,sunrise_attack_end,2,0.017478,0.011628,extras.intensity_floor
3163,2025-12-09,366.5,2025-12-15,388.0,sunrise_attack_end,3,0.058663,0.052813,extras.intensity_floor
3163,2026-02-23,647.0,2026-03-03,840.0,sunrise_attack_end,4,0.2983,0.29245,extras.intensity_floor
3167,2025-07-15,162.0,2025-07-17,159.0,gap_attack_filled,1,-0.018519,-0.024369,extras.intensity_floor
3167,2025-12-09,237.5,2025-12-12,234.0,reversal_k.bearish_engulfing,2,-0.014737,-0.020587,extras.intensity_floor
3167,2026-04-29,818.0,2026-05-05,823.0,sunrise_attack_end,2,0.006112,0.000262,extras.intensity_floor
3171,2026-03-27,65.9,2026-04-01,65.7,sunrise_attack_end,2,-0.003035,-0.008885,extras.intensity_floor
3189,2026-03-19,388.5,2026-03-23,345.0,sunrise_attack_end,1,-0.111969,-0.117819,extras.intensity_floor
3189,2026-04-20,453.0,2026-04-24,499.0,sunrise_attack_end,3,0.101545,0.095695,extras.intensity_floor
3205,2026-03-31,62.7,2026-04-02,60.3,gap_attack_filled,1,-0.038278,-0.044128,extras.intensity_floor
3209,2026-05-06,56.7,2026-05-08,55.1,reversal_k.bearish_engulfing,1,-0.028219,-0.034069,extras.intensity_floor
3211,2025-08-11,266.0,2025-08-13,260.5,sunrise_attack_end,1,-0.020677,-0.026527,extras.intensity_floor
3219,2025-05-28,62.2,2025-06-02,57.5,high_long_black,1,-0.075563,-0.081413,extras.intensity_floor
3219,2025-08-18,69.6,2025-08-21,68.8,sunrise_attack_end,2,-0.011494,-0.017344,extras.intensity_floor
3219,2025-08-25,77.5,2025-08-27,95.0,sunrise_attack_end,1,0.225806,0.219956,extras.intensity_floor
3221,2026-04-15,42.05,2026-04-20,46.8,sunrise_attack_end,2,0.112961,0.107111,extras.intensity_floor
3228,2026-05-06,244.0,2026-05-11,235.0,sunrise_attack_end,2,-0.036885,-0.042735,extras.intensity_floor
3231,2025-09-30,146.0,2025-10-03,149.5,gap_attack_filled,2,0.023973,0.018123,extras.intensity_floor
3260,2025-06-06,100.5,2025-06-10,98.1,breakout_price_break,1,-0.023881,-0.029731,extras.intensity_floor
3260,2025-09-08,115.0,2025-09-10,114.0,sunrise_attack_end,1,-0.008696,-0.014546,extras.intensity_floor
3260,2025-09-12,129.5,2025-09-22,141.0,sunrise_attack_end,5,0.088803,0.082953,extras.intensity_floor
3260,2025-09-17,136.0,2025-09-22,141.0,sunrise_attack_end,2,0.036765,0.030915,extras.intensity_floor
3260,2025-09-18,138.5,2025-09-22,141.0,sunrise_attack_end,1,0.018051,0.012201,extras.intensity_floor
3260,2025-10-02,168.0,2025-10-09,179.5,sunrise_attack_end,3,0.068452,0.062602,extras.intensity_floor
3260,2025-11-12,227.0,2025-11-14,213.0,gap_fill,1,-0.061674,-0.067524,extras.intensity_floor
3264,2026-01-14,139.0,2026-01-21,164.0,sunrise_attack_end,4,0.179856,0.174006,extras.intensity_floor
3264,2026-01-19,143.0,2026-01-21,164.0,sunrise_attack_end,1,0.146853,0.141003,extras.intensity_floor
3297,2025-04-25,34.9,2025-04-29,33.7,sunrise_attack_end,1,-0.034384,-0.040234,extras.intensity_floor
3306,2025-08-25,54.6,2025-09-01,59.9,reversal_k.bearish_engulfing,4,0.09707,0.09122,extras.intensity_floor
3317,2026-05-05,62.8,2026-05-11,64.0,high_long_black,3,0.019108,0.013258,extras.intensity_floor
3332,2025-06-11,55.7,2025-06-16,52.9,reversal_k.dark_double_star,2,-0.050269,-0.056119,extras.intensity_floor
3332,2025-08-15,65.3,2025-08-20,66.1,high_long_black,2,0.012251,0.006401,extras.intensity_floor
3339,2025-06-05,43.7,2025-06-10,39.1,high_long_black,2,-0.105263,-0.111113,extras.intensity_floor
3357,2025-10-08,143.5,2025-10-14,141.5,sunrise_attack_end,2,-0.013937,-0.019787,extras.intensity_floor
3363,2026-02-23,512.0,2026-03-03,647.0,sunrise_attack_end,4,0.263672,0.257822,extras.intensity_floor
3374,2026-04-20,203.5,2026-04-22,193.0,high_long_black,1,-0.051597,-0.057447,extras.intensity_floor
3388,2026-04-14,75.5,2026-04-23,122.5,sunrise_attack_end,6,0.622517,0.616667,extras.intensity_floor
3390,2026-04-22,27.95,2026-04-24,27.85,reversal_k.bearish_engulfing,1,-0.003578,-0.009428,extras.intensity_floor
3402,2025-08-13,124.0,2025-08-15,124.0,gap_attack_filled,1,0.0,-0.00585,extras.intensity_floor
3437,2026-04-20,31.0,2026-04-22,27.55,high_long_black,1,-0.11129,-0.11714,extras.intensity_floor
3443,2026-04-20,3605.0,2026-04-23,4035.0,sunrise_attack_end,2,0.119279,0.113429,extras.intensity_floor
3443,2026-05-11,5950.0,2026-05-13,5405.0,high_long_black,1,-0.091597,-0.097447,extras.intensity_floor
3481,2026-01-14,24.9,2026-01-21,26.2,sunrise_attack_end,4,0.052209,0.046359,extras.intensity_floor
3481,2026-03-12,30.25,2026-03-16,29.35,sunrise_attack_end,1,-0.029752,-0.035602,extras.intensity_floor
3491,2025-11-28,515.0,2025-12-03,518.0,sunrise_attack_end,2,0.005825,-2.5e-05,extras.intensity_floor
3491,2025-12-01,526.0,2025-12-03,518.0,sunrise_attack_end,1,-0.015209,-0.021059,extras.intensity_floor
3491,2025-12-08,587.0,2025-12-11,593.0,reversal_k.bearish_engulfing,2,0.010221,0.004371,extras.intensity_floor
3491,2025-12-23,657.0,2025-12-29,684.0,gap_attack_filled,2,0.041096,0.035246,extras.intensity_floor
3491,2025-12-24,695.0,2025-12-29,684.0,gap_attack_filled,1,-0.015827,-0.021677,extras.intensity_floor
3491,2026-01-05,766.0,2026-01-09,785.0,sunrise_attack_end,3,0.024804,0.018954,extras.intensity_floor
3491,2026-01-16,920.0,2026-01-21,908.0,sunrise_attack_end,2,-0.013043,-0.018893,extras.intensity_floor
3508,2026-02-24,38.65,2026-02-26,36.2,reversal_k.bearish_engulfing,1,-0.063389,-0.069239,extras.intensity_floor
3515,2025-06-30,275.5,2025-07-08,271.5,breakout_low_break,5,-0.014519,-0.020369,extras.intensity_floor
3515,2025-10-29,335.5,2025-10-31,330.0,sunrise_attack_end,1,-0.016393,-0.022243,extras.intensity_floor
3518,2026-05-04,34.8,2026-05-08,38.0,reversal_k.bearish_engulfing,3,0.091954,0.086104,extras.intensity_floor
3526,2026-05-04,361.5,2026-05-06,367.0,sunrise_attack_end,1,0.015214,0.009364,extras.intensity_floor
3529,2026-03-26,2815.0,2026-03-30,2740.0,sunrise_attack_end,1,-0.026643,-0.032493,extras.intensity_floor
3529,2026-04-14,3385.0,2026-04-22,4310.0,gap_attack_filled,5,0.273264,0.267414,extras.intensity_floor
3529,2026-04-16,3790.0,2026-04-22,4310.0,gap_attack_filled,3,0.137203,0.131353,extras.intensity_floor
3533,2026-03-20,2010.0,2026-03-24,2030.0,sunrise_attack_end,1,0.00995,0.0041,extras.intensity_floor
3533,2026-03-26,2230.0,2026-03-30,2180.0,sunrise_attack_end,1,-0.022422,-0.028272,extras.intensity_floor
3533,2026-04-20,2650.0,2026-04-22,2635.0,sunrise_attack_end,1,-0.00566,-0.01151,extras.intensity_floor
3535,2025-07-11,62.0,2025-07-16,63.5,gap_attack_filled,2,0.024194,0.018344,extras.intensity_floor
3555,2025-08-20,62.3,2025-08-22,60.7,sunrise_attack_end,1,-0.025682,-0.031532,extras.intensity_floor
3563,2026-04-10,910.0,2026-04-14,939.0,sunrise_attack_end,1,0.031868,0.026018,extras.intensity_floor
3576,2026-01-14,11.5,2026-01-19,10.6,high_long_black,2,-0.078261,-0.084111,extras.intensity_floor
3576,2026-02-03,13.25,2026-02-09,16.65,sunrise_attack_end,3,0.256604,0.250754,extras.intensity_floor
3577,2025-07-21,106.0,2025-07-23,101.5,high_long_black,1,-0.042453,-0.048303,extras.intensity_floor
3581,2026-05-04,216.5,2026-05-08,224.5,sunrise_attack_end,3,0.036952,0.031102,extras.intensity_floor
3588,2026-04-20,62.0,2026-04-27,64.1,high_long_black,4,0.033871,0.028021,extras.intensity_floor
3591,2026-04-15,24.3,2026-04-17,23.55,sunrise_attack_end,1,-0.030864,-0.036714,extras.intensity_floor
3605,2025-09-08,83.3,2025-09-10,81.0,gap_attack_filled,1,-0.027611,-0.033461,extras.intensity_floor
3605,2026-04-30,87.5,2026-05-05,85.0,reversal_k.bearish_engulfing,1,-0.028571,-0.034421,extras.intensity_floor
3628,2025-08-11,47.5,2025-08-14,49.15,gap_attack_filled,2,0.034737,0.028887,extras.intensity_floor
3653,2025-06-11,1465.0,2025-06-16,1505.0,sunrise_attack_end,2,0.027304,0.021454,extras.intensity_floor
3653,2025-08-26,1935.0,2025-08-29,1980.0,sunrise_attack_end,2,0.023256,0.017406,extras.intensity_floor
3661,2025-08-14,4345.0,2025-08-18,4255.0,sunrise_attack_end,1,-0.020713,-0.026563,extras.intensity_floor
3665,2025-06-13,739.0,2025-06-20,770.0,sunrise_attack_end,4,0.041949,0.036099,extras.intensity_floor
3665,2025-06-17,773.0,2025-06-20,770.0,sunrise_attack_end,2,-0.003881,-0.009731,extras.intensity_floor
3665,2025-08-29,1045.0,2025-09-02,980.0,high_long_black,1,-0.062201,-0.068051,extras.intensity_floor
3665,2026-04-14,2330.0,2026-04-17,2405.0,gap_attack_filled,2,0.032189,0.026339,extras.intensity_floor
3680,2026-04-30,549.0,2026-05-07,584.0,sunrise_attack_end,3,0.063752,0.057902,extras.intensity_floor
3691,2025-08-18,98.0,2025-08-21,87.8,high_long_black,2,-0.104082,-0.109932,extras.intensity_floor
3693,2026-03-18,529.0,2026-03-23,499.0,high_long_black,2,-0.056711,-0.062561,extras.intensity_floor
3693,2026-04-20,740.0,2026-04-22,729.0,high_long_black,1,-0.014865,-0.020715,extras.intensity_floor
3694,2025-08-18,99.3,2025-08-21,95.0,high_long_black,2,-0.043303,-0.049153,extras.intensity_floor
3701,2025-12-30,52.1,2026-01-05,51.0,sunrise_attack_end,2,-0.021113,-0.026963,extras.intensity_floor
3701,2025-12-31,53.8,2026-01-05,51.0,sunrise_attack_end,1,-0.052045,-0.057895,extras.intensity_floor
3702,2025-07-03,74.2,2025-07-07,70.9,reversal_k.dark_double_star,1,-0.044474,-0.050324,extras.intensity_floor
3702,2026-03-16,82.8,2026-03-20,94.9,sunrise_attack_end,3,0.146135,0.140285,extras.intensity_floor
3702,2026-05-04,104.5,2026-05-06,103.5,reversal_k.bearish_engulfing,1,-0.009569,-0.015419,extras.intensity_floor
3706,2025-08-25,99.0,2025-08-27,98.8,sunrise_attack_end,1,-0.00202,-0.00787,extras.intensity_floor
3706,2025-11-03,106.5,2025-11-05,91.6,high_long_black,1,-0.139906,-0.145756,extras.intensity_floor
3709,2026-02-26,75.6,2026-03-03,76.2,sunrise_attack_end,1,0.007937,0.002087,extras.intensity_floor
3711,2026-02-25,388.0,2026-03-03,366.0,reversal_k.gap_reversal,2,-0.056701,-0.062551,extras.intensity_floor
3711,2026-04-13,430.0,2026-04-15,431.5,gap_attack_filled,1,0.003488,-0.002362,extras.intensity_floor
4105,2025-12-04,85.0,2025-12-08,83.2,reversal_k.bearish_engulfing,1,-0.021176,-0.027026,extras.intensity_floor
4114,2025-06-11,36.45,2025-06-16,36.3,sunrise_attack_end,2,-0.004115,-0.009965,extras.intensity_floor
4114,2025-06-12,36.45,2025-06-16,36.3,sunrise_attack_end,1,-0.004115,-0.009965,extras.intensity_floor
4130,2025-12-22,27.4,2025-12-26,26.35,reversal_k.bearish_engulfing,2,-0.038321,-0.044171,extras.intensity_floor
4130,2026-01-13,36.1,2026-01-15,32.0,high_long_black,1,-0.113573,-0.119423,extras.intensity_floor
4169,2025-07-23,70.22,2025-07-25,70.8,sunrise_attack_end,1,0.00826,0.00241,extras.intensity_floor
4169,2025-10-22,158.53,2025-10-29,167.64,sunrise_attack_end,3,0.057465,0.051615,extras.intensity_floor
4169,2025-10-27,167.6,2025-10-29,167.64,sunrise_attack_end,1,0.000239,-0.005611,extras.intensity_floor
4207,2025-09-17,18.35,2025-09-23,19.15,sunrise_attack_end,3,0.043597,0.037747,extras.intensity_floor
4207,2025-11-17,19.7,2025-11-19,19.5,sunrise_attack_end,1,-0.010152,-0.016002,extras.intensity_floor
4304,2025-10-27,14.7,2025-10-29,12.7,high_long_black,1,-0.136054,-0.141904,extras.intensity_floor
4304,2025-10-30,17.8,2025-11-12,27.0,high_long_black,8,0.516854,0.511004,extras.intensity_floor
4506,2025-05-27,116.5,2025-05-29,113.5,gap_attack_filled,1,-0.025751,-0.031601,extras.intensity_floor
4523,2025-06-12,38.8,2025-06-16,37.95,sunrise_attack_end,1,-0.021907,-0.027757,extras.intensity_floor
4526,2025-08-13,36.9,2025-08-18,38.3,sunrise_attack_end,2,0.03794,0.03209,extras.intensity_floor
4541,2025-09-04,64.9,2025-09-08,62.9,sunrise_attack_end,1,-0.030817,-0.036667,extras.intensity_floor
4542,2026-02-25,156.5,2026-03-03,159.0,sunrise_attack_end,2,0.015974,0.010124,extras.intensity_floor
4542,2026-03-12,180.0,2026-03-16,176.5,gap_attack_filled,1,-0.019444,-0.025294,extras.intensity_floor
4542,2026-03-19,196.0,2026-03-24,183.5,high_long_black,2,-0.063776,-0.069626,extras.intensity_floor
4560,2025-06-03,41.8,2025-06-06,41.3,sunrise_attack_end,2,-0.011962,-0.017812,extras.intensity_floor
4577,2025-08-14,37.0,2025-08-20,37.7,high_long_black,3,0.018919,0.013069,extras.intensity_floor
4577,2025-11-25,55.7,2025-11-28,54.4,reversal_k.bearish_engulfing,2,-0.023339,-0.029189,extras.intensity_floor
4577,2026-04-13,154.0,2026-04-15,144.5,high_long_black,1,-0.061688,-0.067538,extras.intensity_floor
4707,2026-04-20,16.0,2026-04-22,15.8,gap_attack_filled,1,-0.0125,-0.01835,extras.intensity_floor
4720,2026-04-20,25.65,2026-04-23,26.2,sunrise_attack_end,2,0.021442,0.015592,extras.intensity_floor
4722,2025-10-03,211.5,2025-10-08,200.0,sunrise_attack_end,1,-0.054374,-0.060224,extras.intensity_floor
4728,2025-04-25,444.5,2025-05-06,497.5,gap_attack_filled,5,0.119235,0.113385,extras.intensity_floor
4728,2025-04-29,464.5,2025-05-06,497.5,gap_attack_filled,3,0.071044,0.065194,extras.intensity_floor
4737,2025-05-14,68.8,2025-05-16,68.8,sunrise_attack_end,1,0.0,-0.00585,extras.intensity_floor
4739,2025-09-09,68.6,2025-09-11,69.9,sunrise_attack_end,1,0.01895,0.0131,extras.intensity_floor
4744,2025-08-08,27.6,2025-08-12,27.5,sunrise_attack_end,1,-0.003623,-0.009473,extras.intensity_floor
4744,2026-03-18,37.0,2026-03-20,36.45,sunrise_attack_end,1,-0.014865,-0.020715,extras.intensity_floor
4745,2025-12-05,26.5,2025-12-10,26.45,reversal_k.bearish_engulfing,2,-0.001887,-0.007737,extras.intensity_floor
4760,2025-08-26,163.0,2025-09-01,191.0,high_long_black,3,0.171779,0.165929,extras.intensity_floor
4768,2025-10-09,248.5,2025-10-14,267.0,sunrise_attack_end,1,0.074447,0.068597,extras.intensity_floor
4768,2025-12-18,286.0,2025-12-22,299.5,sunrise_attack_end,1,0.047203,0.041353,extras.intensity_floor
4772,2025-09-08,309.5,2025-09-10,312.0,sunrise_attack_end,1,0.008078,0.002228,extras.intensity_floor
4904,2026-04-20,98.5,2026-04-22,96.2,reversal_k.bearish_engulfing,1,-0.02335,-0.0292,extras.intensity_floor
4919,2026-04-17,141.5,2026-04-24,151.0,reversal_k.bearish_engulfing,4,0.067138,0.061288,extras.intensity_floor
4946,2025-04-21,135.5,2025-04-23,145.0,sunrise_attack_end,1,0.070111,0.064261,extras.intensity_floor
4958,2025-08-25,181.0,2025-08-29,198.5,sunrise_attack_end,3,0.096685,0.090835,extras.intensity_floor
4958,2026-04-30,429.0,2026-05-06,435.0,sunrise_attack_end,2,0.013986,0.008136,extras.intensity_floor
4960,2025-08-18,15.6,2025-08-20,15.15,gap_attack_filled,1,-0.028846,-0.034696,extras.intensity_floor
4966,2025-09-18,875.0,2025-09-22,766.0,reversal_k.bearish_engulfing,1,-0.124571,-0.130421,extras.intensity_floor
4967,2025-11-03,142.0,2025-11-05,118.0,reversal_k.bearish_engulfing,1,-0.169014,-0.174864,extras.intensity_floor
4967,2025-12-31,190.0,2026-01-06,190.0,high_long_black,2,0.0,-0.00585,extras.intensity_floor
4967,2026-01-19,203.5,2026-01-21,206.5,sunrise_attack_end,1,0.014742,0.008892,extras.intensity_floor
4971,2025-12-05,243.0,2025-12-09,223.5,high_long_black,1,-0.080247,-0.086097,extras.intensity_floor
4971,2026-02-26,475.0,2026-03-04,472.0,high_long_black,2,-0.006316,-0.012166,extras.intensity_floor
4976,2025-09-03,56.6,2025-09-08,54.5,reversal_k.bearish_engulfing,2,-0.037102,-0.042952,extras.intensity_floor
4991,2026-02-24,319.5,2026-03-04,345.0,high_long_black,4,0.079812,0.073962,extras.intensity_floor
5205,2025-04-14,38.85,2025-04-16,40.5,sunrise_attack_end,1,0.042471,0.036621,extras.intensity_floor
5211,2025-09-08,32.4,2025-09-10,31.85,sunrise_attack_end,1,-0.016975,-0.022825,extras.intensity_floor
5234,2025-08-27,381.0,2025-09-02,393.5,sunrise_attack_end,3,0.032808,0.026958,extras.intensity_floor
5243,2025-07-17,63.6,2025-07-22,63.4,reversal_k.bearish_engulfing,2,-0.003145,-0.008995,extras.intensity_floor
5243,2025-07-30,65.1,2025-08-04,63.9,sunrise_attack_end,2,-0.018433,-0.024283,extras.intensity_floor
5274,2025-06-10,4410.0,2025-06-13,4495.0,high_long_black,2,0.019274,0.013424,extras.intensity_floor
5274,2025-11-13,6005.0,2025-11-17,5965.0,sunrise_attack_end,1,-0.006661,-0.012511,extras.intensity_floor
5274,2026-01-15,8900.0,2026-01-19,8715.0,gap_attack_filled,1,-0.020787,-0.026637,extras.intensity_floor
5274,2026-05-04,17450.0,2026-05-08,17540.0,sunrise_attack_end,3,0.005158,-0.000692,extras.intensity_floor
5274,2026-05-05,18550.0,2026-05-08,17540.0,sunrise_attack_end,2,-0.054447,-0.060297,extras.intensity_floor
5278,2025-07-14,42.35,2025-07-17,43.9,high_long_black,2,0.0366,0.03075,extras.intensity_floor
5284,2025-08-28,279.0,2025-09-01,283.0,reversal_k.bearish_engulfing,1,0.014337,0.008487,extras.intensity_floor
5284,2026-04-20,361.5,2026-04-23,367.5,sunrise_attack_end,2,0.016598,0.010748,extras.intensity_floor
5289,2026-01-07,645.0,2026-01-09,638.0,sunrise_attack_end,1,-0.010853,-0.016703,extras.intensity_floor
5292,2026-01-14,191.0,2026-01-16,195.0,sunrise_attack_end,1,0.020942,0.015092,extras.intensity_floor
5292,2026-04-22,268.5,2026-04-27,248.5,high_long_black,2,-0.074488,-0.080338,extras.intensity_floor
5312,2025-05-23,167.5,2025-05-27,167.5,sunrise_attack_end,1,0.0,-0.00585,extras.intensity_floor
5347,2026-01-12,118.5,2026-01-16,130.5,sunrise_attack_end,3,0.101266,0.095416,extras.intensity_floor
5351,2025-12-30,50.2,2026-01-08,63.0,reversal_k.bearish_engulfing,5,0.25498,0.24913,extras.intensity_floor
5351,2026-05-14,89.7,2026-05-15,87.5,sunrise_attack_end,1,-0.024526,-0.030376,extras.intensity_floor
5392,2025-08-21,44.3,2025-08-25,42.95,high_long_black,1,-0.030474,-0.036324,extras.intensity_floor
5398,2025-06-03,23.0,2025-06-05,22.6,reversal_k.bearish_engulfing,1,-0.017391,-0.023241,extras.intensity_floor
5398,2025-11-24,24.6,2025-11-26,24.55,sunrise_attack_end,1,-0.002033,-0.007883,extras.intensity_floor
5439,2026-04-20,453.0,2026-04-22,443.0,gap_fill,1,-0.022075,-0.027925,extras.intensity_floor
5469,2025-09-19,99.5,2025-09-24,107.0,high_long_black,2,0.075377,0.069527,extras.intensity_floor
5471,2026-03-02,46.75,2026-03-04,43.35,high_long_black,1,-0.072727,-0.078577,extras.intensity_floor
5483,2026-05-07,152.0,2026-05-11,151.0,sunrise_attack_end,1,-0.006579,-0.012429,extras.intensity_floor
5490,2025-05-02,31.9,2025-05-06,29.05,high_long_black,1,-0.089342,-0.095192,extras.intensity_floor
5498,2025-12-26,49.55,2026-01-02,51.5,high_long_black,3,0.039354,0.033504,extras.intensity_floor
5536,2025-08-07,555.0,2025-08-15,686.0,reversal_k.bearish_engulfing,5,0.236036,0.230186,extras.intensity_floor
5536,2025-08-12,627.0,2025-08-15,686.0,reversal_k.bearish_engulfing,2,0.094099,0.088249,extras.intensity_floor
5607,2026-02-26,54.2,2026-03-03,55.7,sunrise_attack_end,1,0.027675,0.021825,extras.intensity_floor
5701,2025-04-14,5.57,2025-04-16,5.5,sunrise_attack_end,1,-0.012567,-0.018417,extras.intensity_floor
5864,2026-01-20,20.0,2026-01-28,22.95,sunrise_attack_end,5,0.1475,0.14165,extras.intensity_floor
5864,2026-01-22,21.65,2026-01-28,22.95,sunrise_attack_end,3,0.060046,0.054196,extras.intensity_floor
5864,2026-05-06,34.25,2026-05-13,33.3,reversal_k.bearish_engulfing,4,-0.027737,-0.033587,extras.intensity_floor
5864,2026-05-07,35.75,2026-05-13,33.3,reversal_k.bearish_engulfing,3,-0.068531,-0.074381,extras.intensity_floor
5876,2025-04-10,46.9,2025-04-15,47.0,sunrise_attack_end,2,0.002132,-0.003718,extras.intensity_floor
5880,2025-05-06,24.95,2025-05-08,24.8,gap_attack_filled,1,-0.006012,-0.011862,extras.intensity_floor
5880,2025-08-06,26.35,2025-08-08,26.1,sunrise_attack_end,1,-0.009488,-0.015338,extras.intensity_floor
5902,2025-05-07,47.5,2025-05-13,48.55,sunrise_attack_end,3,0.022105,0.016255,extras.intensity_floor
5902,2025-05-08,48.5,2025-05-13,48.55,sunrise_attack_end,2,0.001031,-0.004819,extras.intensity_floor
5904,2026-04-21,543.0,2026-04-24,536.0,sunrise_attack_end,2,-0.012891,-0.018741,extras.intensity_floor
5904,2026-04-30,575.0,2026-05-05,574.0,sunrise_attack_end,1,-0.001739,-0.007589,extras.intensity_floor
6015,2026-01-08,12.85,2026-01-13,12.6,sunrise_attack_end,2,-0.019455,-0.025305,extras.intensity_floor
6015,2026-05-07,16.7,2026-05-11,16.6,gap_attack_filled,1,-0.005988,-0.011838,extras.intensity_floor
6016,2026-05-11,25.4,2026-05-13,23.75,high_long_black,1,-0.064961,-0.070811,extras.intensity_floor
6021,2025-10-31,25.7,2025-11-06,26.0,sunrise_attack_end,3,0.011673,0.005823,extras.intensity_floor
6021,2025-11-03,26.25,2025-11-06,26.0,sunrise_attack_end,2,-0.009524,-0.015374,extras.intensity_floor
6021,2026-01-26,31.1,2026-01-28,31.65,sunrise_attack_end,1,0.017685,0.011835,extras.intensity_floor
6021,2026-02-25,34.3,2026-03-03,34.3,sunrise_attack_end,2,0.0,-0.00585,extras.intensity_floor
6023,2025-11-12,93.3,2025-11-19,93.9,sunrise_attack_end,4,0.006431,0.000581,extras.intensity_floor
6023,2025-11-14,94.5,2025-11-19,93.9,sunrise_attack_end,2,-0.006349,-0.012199,extras.intensity_floor
6023,2025-11-17,94.7,2025-11-19,93.9,sunrise_attack_end,1,-0.008448,-0.014298,extras.intensity_floor
6023,2026-04-07,100.5,2026-04-09,99.7,gap_attack_filled,1,-0.00796,-0.01381,extras.intensity_floor
6024,2026-03-12,55.1,2026-03-16,56.3,sunrise_attack_end,1,0.021779,0.015929,extras.intensity_floor
6024,2026-05-07,58.4,2026-05-11,58.2,gap_attack_filled,1,-0.003425,-0.009275,extras.intensity_floor
6026,2026-05-07,16.9,2026-05-12,16.8,sunrise_attack_end,2,-0.005917,-0.011767,extras.intensity_floor
6122,2026-01-14,54.8,2026-01-16,54.8,sunrise_attack_end,1,0.0,-0.00585,extras.intensity_floor
6127,2026-03-20,47.55,2026-03-24,43.5,high_long_black,1,-0.085174,-0.091024,extras.intensity_floor
6130,2025-07-01,44.0,2025-07-04,44.5,sunrise_attack_end,2,0.011364,0.005514,extras.intensity_floor
6139,2025-06-20,297.0,2025-06-27,334.0,sunrise_attack_end,4,0.124579,0.118729,extras.intensity_floor
6139,2025-10-16,433.0,2025-10-20,432.0,sunrise_attack_end,1,-0.002309,-0.008159,extras.intensity_floor
6139,2025-10-31,486.0,2025-11-04,467.0,reversal_k.bearish_engulfing,1,-0.039095,-0.044945,extras.intensity_floor
6139,2026-04-17,754.0,2026-04-22,725.0,high_long_black,2,-0.038462,-0.044312,extras.intensity_floor
6146,2026-04-17,221.0,2026-04-22,220.0,reversal_k.bearish_engulfing,2,-0.004525,-0.010375,extras.intensity_floor
6147,2026-03-26,77.0,2026-03-31,75.2,reversal_k.gap_reversal,2,-0.023377,-0.029227,extras.intensity_floor
6147,2026-04-13,114.0,2026-04-15,114.0,sunrise_attack_end,1,0.0,-0.00585,extras.intensity_floor
6147,2026-04-21,143.5,2026-04-24,145.0,high_long_black,2,0.010453,0.004603,extras.intensity_floor
6161,2025-09-19,58.0,2025-09-24,54.8,sunrise_attack_end,2,-0.055172,-0.061022,extras.intensity_floor
6166,2026-05-11,96.5,2026-05-15,112.0,sunrise_attack_end,4,0.160622,0.154772,extras.intensity_floor
6173,2026-01-14,77.1,2026-01-16,74.5,breakout_price_break,1,-0.033722,-0.039572,extras.intensity_floor
6174,2026-04-21,33.85,2026-04-24,30.5,high_long_black,2,-0.098966,-0.104816,extras.intensity_floor
6182,2025-09-15,31.2,2025-09-19,33.1,sunrise_attack_end,3,0.060897,0.055047,extras.intensity_floor
6182,2026-01-14,40.0,2026-01-19,38.5,high_long_black,2,-0.0375,-0.04335,extras.intensity_floor
6190,2025-08-08,49.65,2025-08-13,48.75,sunrise_attack_end,2,-0.018127,-0.023977,extras.intensity_floor
6196,2025-07-18,212.5,2025-07-22,213.0,sunrise_attack_end,1,0.002353,-0.003497,extras.intensity_floor
6196,2025-08-27,264.0,2025-09-01,260.5,gap_attack_filled,2,-0.013258,-0.019108,extras.intensity_floor
6197,2026-05-04,242.0,2026-05-07,235.0,reversal_k.bearish_engulfing,2,-0.028926,-0.034776,extras.intensity_floor
6204,2026-01-20,90.9,2026-01-22,88.0,high_long_black,1,-0.031903,-0.037753,extras.intensity_floor
6209,2025-08-18,34.95,2025-08-21,34.1,sunrise_attack_end,2,-0.02432,-0.03017,extras.intensity_floor
6209,2025-12-12,65.8,2025-12-16,61.9,high_long_black,1,-0.059271,-0.065121,extras.intensity_floor
6209,2025-12-26,69.1,2025-12-30,67.0,gap_attack_filled,1,-0.030391,-0.036241,extras.intensity_floor
6213,2025-05-26,90.3,2025-05-29,88.5,high_long_black,2,-0.019934,-0.025784,extras.intensity_floor
6213,2025-08-15,128.5,2025-08-20,131.0,high_long_black,2,0.019455,0.013605,extras.intensity_floor
6217,2026-03-12,129.0,2026-03-17,140.0,high_long_black,2,0.085271,0.079421,extras.intensity_floor
6220,2025-12-12,26.55,2025-12-17,26.5,reversal_k.bearish_engulfing,2,-0.001883,-0.007733,extras.intensity_floor
6220,2025-12-15,27.15,2025-12-17,26.5,reversal_k.bearish_engulfing,1,-0.023941,-0.029791,extras.intensity_floor
6220,2026-02-02,29.4,2026-02-04,29.1,sunrise_attack_end,1,-0.010204,-0.016054,extras.intensity_floor
6220,2026-03-10,45.3,2026-03-13,37.0,reversal_k.dark_double_star,2,-0.183223,-0.189073,extras.intensity_floor
6223,2025-08-27,1305.0,2025-08-29,1310.0,sunrise_attack_end,1,0.003831,-0.002019,extras.intensity_floor
6223,2025-09-22,1740.0,2025-09-24,1660.0,gap_fill,1,-0.045977,-0.051827,extras.intensity_floor
6223,2025-12-09,2350.0,2025-12-12,2320.0,reversal_k.bearish_engulfing,2,-0.012766,-0.018616,extras.intensity_floor
6223,2026-03-18,3660.0,2026-03-20,3665.0,sunrise_attack_end,1,0.001366,-0.004484,extras.intensity_floor
6223,2026-04-16,5155.0,2026-04-21,5110.0,reversal_k.bearish_engulfing,2,-0.008729,-0.014579,extras.intensity_floor
6225,2025-10-23,18.35,2025-10-29,19.3,sunrise_attack_end,2,0.051771,0.045921,extras.intensity_floor
6225,2026-03-11,24.5,2026-03-13,22.35,sunrise_attack_end,1,-0.087755,-0.093605,extras.intensity_floor
6239,2026-01-16,265.0,2026-01-21,251.0,reversal_k.gap_reversal,2,-0.05283,-0.05868,extras.intensity_floor
6244,2026-02-04,27.9,2026-02-09,27.35,high_long_black,2,-0.019713,-0.025563,extras.intensity_floor
6257,2025-10-20,95.3,2025-10-22,94.0,sunrise_attack_end,1,-0.013641,-0.019491,extras.intensity_floor
6257,2025-10-29,99.5,2025-10-31,98.5,reversal_k.bearish_engulfing,1,-0.01005,-0.0159,extras.intensity_floor
6257,2026-01-15,137.0,2026-01-20,138.0,sunrise_attack_end,2,0.007299,0.001449,extras.intensity_floor
6257,2026-04-14,181.5,2026-04-16,178.0,sunrise_attack_end,1,-0.019284,-0.025134,extras.intensity_floor
6259,2026-04-16,23.8,2026-04-20,23.7,sunrise_attack_end,1,-0.004202,-0.010052,extras.intensity_floor
6261,2026-04-21,93.4,2026-04-24,94.6,high_long_black,2,0.012848,0.006998,extras.intensity_floor
6265,2026-01-08,37.65,2026-01-12,37.95,reversal_k.bearish_engulfing,1,0.007968,0.002118,extras.intensity_floor
6274,2025-06-03,191.5,2025-06-05,187.5,gap_attack_filled,1,-0.020888,-0.026738,extras.intensity_floor
6274,2025-11-26,440.0,2025-11-28,434.0,gap_attack_filled,1,-0.013636,-0.019486,extras.intensity_floor
6274,2026-01-28,545.0,2026-01-30,510.0,reversal_k.bearish_engulfing,1,-0.06422,-0.07007,extras.intensity_floor
6276,2025-06-05,64.5,2025-06-09,61.9,high_long_black,1,-0.04031,-0.04616,extras.intensity_floor
6282,2025-10-21,38.6,2025-10-23,43.2,sunrise_attack_end,1,0.119171,0.113321,extras.intensity_floor
6282,2025-10-28,49.0,2025-10-30,46.9,high_long_black,1,-0.042857,-0.048707,extras.intensity_floor
6285,2026-04-13,251.0,2026-04-15,231.0,reversal_k.bearish_engulfing,1,-0.079681,-0.085531,extras.intensity_floor
6290,2025-05-12,95.8,2025-05-14,94.5,gap_attack_filled,1,-0.01357,-0.01942,extras.intensity_floor
6290,2025-08-14,114.0,2025-08-18,112.5,sunrise_attack_end,1,-0.013158,-0.019008,extras.intensity_floor
6290,2026-04-23,318.5,2026-04-28,284.0,high_long_black,2,-0.10832,-0.11417,extras.intensity_floor
6291,2025-09-04,180.0,2025-09-10,202.5,gap_attack_filled,3,0.125,0.11915,extras.intensity_floor
6291,2026-01-28,237.0,2026-02-02,231.0,sunrise_attack_end,2,-0.025316,-0.031166,extras.intensity_floor
6291,2026-04-13,457.0,2026-04-15,416.0,reversal_k.bearish_engulfing,1,-0.089716,-0.095566,extras.intensity_floor
6414,2026-05-07,351.5,2026-05-11,352.0,reversal_k.bearish_engulfing,1,0.001422,-0.004428,extras.intensity_floor
6431,2025-12-11,31.5,2025-12-15,30.0,gap_attack_filled,1,-0.047619,-0.053469,extras.intensity_floor
6432,2025-10-28,38.9,2025-10-30,36.75,high_long_black,1,-0.05527,-0.06112,extras.intensity_floor
6442,2025-08-14,730.0,2025-08-20,801.0,high_long_black,3,0.09726,0.09141,extras.intensity_floor
6442,2025-11-17,1080.0,2025-11-19,1035.0,high_long_black,1,-0.041667,-0.047517,extras.intensity_floor
6443,2026-01-08,32.3,2026-01-12,32.05,sunrise_attack_end,1,-0.00774,-0.01359,extras.intensity_floor
6456,2025-08-29,64.5,2025-09-03,66.0,gap_attack_filled,2,0.023256,0.017406,extras.intensity_floor
6465,2026-04-20,53.8,2026-04-23,53.5,reversal_k.bearish_engulfing,2,-0.005576,-0.011426,extras.intensity_floor
6482,2025-04-10,58.8,2025-04-14,59.6,sunrise_attack_end,1,0.013605,0.007755,extras.intensity_floor
6485,2026-01-07,102.0,2026-01-12,101.5,reversal_k.bearish_engulfing,2,-0.004902,-0.010752,extras.intensity_floor
6488,2026-05-05,660.0,2026-05-13,755.0,high_long_black,5,0.143939,0.138089,extras.intensity_floor
6494,2026-04-13,52.4,2026-04-16,53.7,sunrise_attack_end,2,0.024809,0.018959,extras.intensity_floor
6499,2025-04-28,51.7,2025-04-30,50.9,sunrise_attack_end,1,-0.015474,-0.021324,extras.intensity_floor
6509,2026-03-17,44.65,2026-03-23,42.7,reversal_k.bearish_engulfing,3,-0.043673,-0.049523,extras.intensity_floor
6515,2026-02-11,5190.0,2026-02-24,4750.0,reversal_k.bearish_engulfing,1,-0.084778,-0.090628,extras.intensity_floor
6516,2025-05-16,94.8,2025-05-20,93.3,sunrise_attack_end,1,-0.015823,-0.021673,extras.intensity_floor
6525,2026-05-05,106.0,2026-05-11,105.5,sunrise_attack_end,3,-0.004717,-0.010567,extras.intensity_floor
6530,2026-04-16,123.0,2026-04-21,130.5,high_long_black,2,0.060976,0.055126,extras.intensity_floor
6534,2025-08-21,116.5,2025-08-26,118.5,sunrise_attack_end,2,0.017167,0.011317,extras.intensity_floor
6535,2025-09-10,298.0,2025-09-12,281.0,high_long_black,1,-0.057047,-0.062897,extras.intensity_floor
6548,2025-04-28,36.7,2025-04-30,36.5,sunrise_attack_end,1,-0.00545,-0.0113,extras.intensity_floor
6568,2026-02-04,166.0,2026-02-09,168.5,reversal_k.gap_reversal,2,0.01506,0.00921,extras.intensity_floor
6568,2026-03-16,212.0,2026-03-18,199.0,reversal_k.bearish_engulfing,1,-0.061321,-0.067171,extras.intensity_floor
6568,2026-04-20,257.0,2026-04-24,258.0,high_long_black,3,0.003891,-0.001959,extras.intensity_floor
6574,2025-06-05,92.4,2025-06-10,91.5,sunrise_attack_end,2,-0.00974,-0.01559,extras.intensity_floor
6578,2025-07-29,22.4,2025-08-04,23.0,sunrise_attack_end,3,0.026786,0.020936,extras.intensity_floor
6584,2026-04-20,758.0,2026-04-23,812.0,gap_attack_filled,2,0.07124,0.06539,extras.intensity_floor
6588,2026-02-10,90.0,2026-02-26,105.5,high_long_black,4,0.172222,0.166372,extras.intensity_floor
6596,2025-07-02,157.0,2025-07-09,158.5,sunrise_attack_end,4,0.009554,0.003704,extras.intensity_floor
6596,2025-07-03,161.0,2025-07-09,158.5,sunrise_attack_end,3,-0.015528,-0.021378,extras.intensity_floor
6596,2025-07-04,166.5,2025-07-09,158.5,sunrise_attack_end,2,-0.048048,-0.053898,extras.intensity_floor
6603,2025-12-11,24.35,2025-12-16,26.5,sunrise_attack_end,2,0.088296,0.082446,extras.intensity_floor
6603,2025-12-18,28.7,2025-12-23,28.0,sunrise_attack_end,2,-0.02439,-0.03024,extras.intensity_floor
6624,2025-11-28,49.65,2025-12-09,64.3,reversal_k.bearish_engulfing,5,0.295065,0.289215,extras.intensity_floor
6640,2025-07-09,760.0,2025-07-11,730.0,high_long_black,1,-0.039474,-0.045324,extras.intensity_floor
6654,2025-05-26,81.2,2025-05-28,80.8,sunrise_attack_end,1,-0.004926,-0.010776,extras.intensity_floor
6655,2026-04-21,138.5,2026-04-23,139.5,sunrise_attack_end,1,0.00722,0.00137,extras.intensity_floor
6658,2026-05-05,167.0,2026-05-07,159.5,high_long_black,1,-0.04491,-0.05076,extras.intensity_floor
6667,2025-07-02,247.0,2025-07-04,233.0,high_long_black,1,-0.05668,-0.06253,extras.intensity_floor
6667,2025-08-07,279.5,2025-08-12,272.5,sunrise_attack_end,2,-0.025045,-0.030895,extras.intensity_floor
6667,2025-08-29,304.5,2025-09-02,294.0,reversal_k.bearish_engulfing,1,-0.034483,-0.040333,extras.intensity_floor
6669,2025-08-08,3075.0,2025-08-15,3375.0,sunrise_attack_end,4,0.097561,0.091711,extras.intensity_floor
6669,2025-10-03,3525.0,2025-10-08,3460.0,sunrise_attack_end,1,-0.01844,-0.02429,extras.intensity_floor
6669,2025-10-31,4335.0,2025-11-04,4330.0,sunrise_attack_end,1,-0.001153,-0.007003,extras.intensity_floor
6669,2026-05-12,5555.0,2026-05-14,5715.0,sunrise_attack_end,1,0.028803,0.022953,extras.intensity_floor
6672,2025-08-18,99.5,2025-08-22,99.0,reversal_k.dark_double_star,3,-0.005025,-0.010875,extras.intensity_floor
6672,2025-09-05,118.0,2025-09-09,116.0,sunrise_attack_end,1,-0.016949,-0.022799,extras.intensity_floor
6672,2026-04-17,185.0,2026-04-22,188.5,sunrise_attack_end,2,0.018919,0.013069,extras.intensity_floor
6674,2025-06-06,26.45,2025-06-10,26.0,sunrise_attack_end,1,-0.017013,-0.022863,extras.intensity_floor
6679,2026-04-21,290.0,2026-04-23,291.0,sunrise_attack_end,1,0.003448,-0.002402,extras.intensity_floor
6679,2026-05-07,314.0,2026-05-12,329.0,sunrise_attack_end,2,0.047771,0.041921,extras.intensity_floor
6683,2026-03-27,1460.0,2026-04-01,1495.0,high_long_black,2,0.023973,0.018123,extras.intensity_floor
6684,2025-10-21,67.0,2025-10-23,65.0,sunrise_attack_end,1,-0.029851,-0.035701,extras.intensity_floor
6691,2025-12-08,543.0,2025-12-16,631.0,sunrise_attack_end,5,0.162063,0.156213,extras.intensity_floor
6691,2025-12-12,598.0,2025-12-16,631.0,sunrise_attack_end,1,0.055184,0.049334,extras.intensity_floor
6691,2026-02-26,673.0,2026-03-04,644.0,reversal_k.bearish_engulfing,2,-0.043091,-0.048941,extras.intensity_floor
6715,2026-03-06,195.5,2026-03-10,244.5,sunrise_attack_end,1,0.250639,0.244789,extras.intensity_floor
6728,2025-05-13,174.0,2025-05-15,168.0,sunrise_attack_end,1,-0.034483,-0.040333,extras.intensity_floor
6739,2025-09-23,873.0,2025-09-26,863.0,sunrise_attack_end,2,-0.011455,-0.017305,extras.intensity_floor
6753,2025-08-29,162.0,2025-09-02,154.0,high_long_black,1,-0.049383,-0.055233,extras.intensity_floor
6753,2025-09-05,191.5,2025-09-09,188.5,gap_attack_filled,1,-0.015666,-0.021516,extras.intensity_floor
6761,2025-08-18,132.5,2025-08-20,127.0,high_long_black,1,-0.041509,-0.047359,extras.intensity_floor
6771,2025-05-12,61.1,2025-05-14,60.9,sunrise_attack_end,1,-0.003273,-0.009123,extras.intensity_floor
6776,2025-07-02,60.0,2025-07-04,61.7,sunrise_attack_end,1,0.028333,0.022483,extras.intensity_floor
6782,2025-08-14,209.0,2025-08-19,205.5,sunrise_attack_end,2,-0.016746,-0.022596,extras.intensity_floor
6782,2025-08-15,209.0,2025-08-19,205.5,sunrise_attack_end,1,-0.016746,-0.022596,extras.intensity_floor
6782,2026-04-16,233.0,2026-04-21,224.0,reversal_k.bearish_engulfing,2,-0.038627,-0.044477,extras.intensity_floor
6785,2025-09-01,231.5,2025-09-03,224.5,reversal_k.bearish_engulfing,1,-0.030238,-0.036088,extras.intensity_floor
6788,2025-07-02,266.0,2025-07-04,262.5,sunrise_attack_end,1,-0.013158,-0.019008,extras.intensity_floor
6788,2025-12-24,353.5,2025-12-29,350.0,gap_attack_filled,1,-0.009901,-0.015751,extras.intensity_floor
6789,2026-04-20,520.0,2026-04-23,505.0,sunrise_attack_end,2,-0.028846,-0.034696,extras.intensity_floor
6796,2025-12-23,106.5,2025-12-26,101.0,high_long_black,1,-0.051643,-0.057493,extras.intensity_floor
6805,2025-07-31,904.0,2025-08-05,955.0,sunrise_attack_end,2,0.056416,0.050566,extras.intensity_floor
6805,2025-10-27,1415.0,2025-10-31,1430.0,sunrise_attack_end,3,0.010601,0.004751,extras.intensity_floor
6821,2025-05-09,51.1,2025-05-13,51.5,sunrise_attack_end,1,0.007828,0.001978,extras.intensity_floor
6831,2026-04-13,455.5,2026-04-16,427.5,high_long_black,2,-0.061471,-0.067321,extras.intensity_floor
6840,2025-08-05,61.1,2025-08-08,60.0,sunrise_attack_end,2,-0.018003,-0.023853,extras.intensity_floor
6862,2025-10-20,191.5,2025-10-28,203.0,reversal_k.bearish_engulfing,4,0.060052,0.054202,extras.intensity_floor
6884,2025-12-12,65.31,2025-12-16,59.69,high_long_black,1,-0.086051,-0.091901,extras.intensity_floor
6894,2026-03-12,324.5,2026-03-17,329.5,sunrise_attack_end,2,0.015408,0.009558,extras.intensity_floor
6895,2025-08-15,263.5,2025-08-19,274.0,sunrise_attack_end,1,0.039848,0.033998,extras.intensity_floor
6895,2025-08-22,285.0,2025-08-28,280.0,reversal_k.bearish_engulfing,3,-0.017544,-0.023394,extras.intensity_floor
6895,2025-08-25,290.0,2025-08-28,280.0,reversal_k.bearish_engulfing,2,-0.034483,-0.040333,extras.intensity_floor
6895,2025-09-05,332.5,2025-09-10,338.0,reversal_k.bearish_engulfing,2,0.016541,0.010691,extras.intensity_floor
6903,2025-12-16,230.0,2025-12-19,227.0,sunrise_attack_end,2,-0.013043,-0.018893,extras.intensity_floor
6903,2026-03-13,326.5,2026-03-17,314.0,high_long_black,1,-0.038285,-0.044135,extras.intensity_floor
6934,2026-01-14,114.24,2026-01-20,131.39,high_long_black,3,0.150123,0.144273,extras.intensity_floor
6944,2025-08-18,509.0,2025-08-21,525.0,sunrise_attack_end,2,0.031434,0.025584,extras.intensity_floor
6944,2025-12-17,705.0,2025-12-19,696.0,sunrise_attack_end,1,-0.012766,-0.018616,extras.intensity_floor
6944,2026-01-07,747.0,2026-01-09,738.0,gap_attack_filled,1,-0.012048,-0.017898,extras.intensity_floor
6944,2026-01-14,779.0,2026-01-16,794.0,sunrise_attack_end,1,0.019255,0.013405,extras.intensity_floor
6967,2025-12-18,81.5,2025-12-22,76.0,high_long_black,1,-0.067485,-0.073335,extras.intensity_floor
6969,2025-07-24,47.6,2025-08-01,47.7,high_long_black,5,0.002101,-0.003749,extras.intensity_floor
6969,2025-07-28,49.3,2025-08-01,47.7,high_long_black,3,-0.032454,-0.038304,extras.intensity_floor
7402,2025-09-05,156.0,2025-09-10,158.5,sunrise_attack_end,2,0.016026,0.010176,extras.intensity_floor
7610,2026-05-08,786.0,2026-05-13,800.0,high_long_black,2,0.017812,0.011962,extras.intensity_floor
7703,2025-08-14,184.0,2025-08-22,227.0,reversal_k.bearish_engulfing,5,0.233696,0.227846,extras.intensity_floor
7703,2025-08-15,200.0,2025-08-22,227.0,reversal_k.bearish_engulfing,4,0.135,0.12915,extras.intensity_floor
7716,2025-05-02,32.85,2025-05-06,31.48,reversal_k.bearish_engulfing,1,-0.041705,-0.047555,extras.intensity_floor
7728,2025-12-31,571.0,2026-01-07,628.0,reversal_k.gap_reversal,3,0.099825,0.093975,extras.intensity_floor
7734,2026-02-26,1775.0,2026-03-04,1690.0,high_long_black,2,-0.047887,-0.053737,extras.intensity_floor
7734,2026-03-18,1875.0,2026-03-20,1885.0,sunrise_attack_end,1,0.005333,-0.000517,extras.intensity_floor
7734,2026-04-21,3005.0,2026-04-28,3225.0,high_long_black,4,0.073211,0.067361,extras.intensity_floor
7738,2025-06-19,194.6,2025-06-26,220.18,sunrise_attack_end,4,0.131449,0.125599,extras.intensity_floor
7744,2025-08-08,265.02,2025-08-12,259.85,sunrise_attack_end,1,-0.019508,-0.025358,extras.intensity_floor
7750,2025-05-22,607.61,2025-05-27,630.29,sunrise_attack_end,2,0.037327,0.031477,extras.intensity_floor
7750,2025-06-04,757.18,2025-06-06,734.99,sunrise_attack_end,1,-0.029306,-0.035156,extras.intensity_floor
7750,2025-08-27,928.15,2025-08-29,938.26,sunrise_attack_end,1,0.010893,0.005043,extras.intensity_floor
7750,2026-02-11,1215.0,2026-02-24,1215.0,sunrise_attack_end,1,0.0,-0.00585,extras.intensity_floor
7750,2026-04-22,2045.0,2026-04-27,2210.0,high_long_black,2,0.080685,0.074835,extras.intensity_floor
7750,2026-05-05,2705.0,2026-05-07,2590.0,high_long_black,1,-0.042514,-0.048364,extras.intensity_floor
7750,2026-05-12,2950.0,2026-05-14,2850.0,reversal_k.evening_star,1,-0.033898,-0.039748,extras.intensity_floor
7751,2025-06-26,447.88,2025-06-30,441.93,sunrise_attack_end,1,-0.013285,-0.019135,extras.intensity_floor
7751,2026-02-25,1215.0,2026-03-04,1140.0,reversal_k.bearish_engulfing,3,-0.061728,-0.067578,extras.intensity_floor
7753,2025-06-03,55.8,2025-06-11,62.76,sunrise_attack_end,5,0.124731,0.118881,extras.intensity_floor
7753,2025-06-05,58.39,2025-06-11,62.76,sunrise_attack_end,3,0.074842,0.068992,extras.intensity_floor
7769,2025-06-20,1286.79,2025-06-24,1291.93,sunrise_attack_end,1,0.003994,-0.001856,extras.intensity_floor
7769,2025-07-21,1574.29,2025-07-24,1578.31,sunrise_attack_end,2,0.002554,-0.003296,extras.intensity_floor
7769,2025-09-16,1879.15,2025-09-22,1892.06,sunrise_attack_end,3,0.00687,0.00102,extras.intensity_floor
7769,2025-09-18,1905.04,2025-09-22,1892.06,sunrise_attack_end,1,-0.006814,-0.012664,extras.intensity_floor
7769,2025-10-22,2040.11,2025-11-03,2486.94,sunrise_attack_end,6,0.219023,0.213173,extras.intensity_floor
7769,2025-10-23,2068.03,2025-11-03,2486.94,sunrise_attack_end,5,0.202565,0.196715,extras.intensity_floor
7769,2025-10-29,2369.4,2025-11-03,2486.94,sunrise_attack_end,2,0.049607,0.043757,extras.intensity_floor
7769,2026-01-14,3460.0,2026-01-19,3500.0,sunrise_attack_end,2,0.011561,0.005711,extras.intensity_floor
7769,2026-01-22,3720.0,2026-01-28,3810.0,sunrise_attack_end,3,0.024194,0.018344,extras.intensity_floor
7769,2026-01-26,3775.0,2026-01-28,3810.0,sunrise_attack_end,1,0.009272,0.003422,extras.intensity_floor
7769,2026-02-24,4610.0,2026-03-03,4330.0,reversal_k.dark_double_star,3,-0.060738,-0.066588,extras.intensity_floor
7782,2025-05-06,44.48,2025-05-08,45.41,sunrise_attack_end,1,0.020908,0.015058,extras.intensity_floor
7782,2025-07-04,49.3,2025-07-08,49.95,sunrise_attack_end,1,0.013185,0.007335,extras.intensity_floor
7795,2025-08-15,164.24,2025-08-21,175.9,sunrise_attack_end,3,0.070994,0.065144,extras.intensity_floor
7795,2026-01-22,390.0,2026-01-27,357.0,sunrise_attack_end,2,-0.084615,-0.090465,extras.intensity_floor
7822,2025-12-31,839.17,2026-01-05,837.4,sunrise_attack_end,1,-0.002109,-0.007959,extras.intensity_floor
7822,2026-01-19,884.31,2026-01-28,1011.74,sunrise_attack_end,6,0.144101,0.138251,extras.intensity_floor
7828,2025-12-31,539.82,2026-01-05,538.78,sunrise_attack_end,1,-0.001927,-0.007777,extras.intensity_floor
7828,2026-02-05,833.73,2026-02-09,816.36,sunrise_attack_end,1,-0.020834,-0.026684,extras.intensity_floor
8021,2025-07-02,46.6,2025-07-08,48.1,sunrise_attack_end,3,0.032189,0.026339,extras.intensity_floor
8021,2025-07-04,50.0,2025-07-08,48.1,sunrise_attack_end,1,-0.038,-0.04385,extras.intensity_floor
8021,2025-08-13,91.0,2025-08-18,92.1,sunrise_attack_end,2,0.012088,0.006238,extras.intensity_floor
8021,2025-11-13,130.5,2025-11-17,130.5,sunrise_attack_end,1,0.0,-0.00585,extras.intensity_floor
8021,2025-12-10,156.0,2025-12-15,159.0,gap_attack_filled,2,0.019231,0.013381,extras.intensity_floor
8027,2026-03-30,144.0,2026-04-07,158.0,sunrise_attack_end,3,0.097222,0.091372,extras.intensity_floor
8027,2026-04-01,158.5,2026-04-07,158.0,sunrise_attack_end,1,-0.003155,-0.009005,extras.intensity_floor
8028,2026-01-05,206.5,2026-01-07,203.5,gap_attack_filled,1,-0.014528,-0.020378,extras.intensity_floor
8033,2025-07-28,83.6,2025-08-04,98.5,sunrise_attack_end,4,0.17823,0.17238,extras.intensity_floor
8034,2025-08-26,23.8,2025-08-28,22.35,high_long_black,1,-0.060924,-0.066774,extras.intensity_floor
8034,2025-12-01,27.1,2025-12-03,26.1,high_long_black,1,-0.0369,-0.04275,extras.intensity_floor
8038,2025-08-25,56.2,2025-08-27,54.8,sunrise_attack_end,1,-0.024911,-0.030761,extras.intensity_floor
8039,2025-08-29,58.5,2025-09-02,53.8,gap_fill,1,-0.080342,-0.086192,extras.intensity_floor
8039,2025-11-27,73.0,2025-12-03,83.8,sunrise_attack_end,3,0.147945,0.142095,extras.intensity_floor
8040,2026-04-22,75.5,2026-04-24,68.0,reversal_k.bearish_engulfing,1,-0.099338,-0.105188,extras.intensity_floor
8043,2025-10-07,43.0,2025-10-09,42.95,sunrise_attack_end,1,-0.001163,-0.007013,extras.intensity_floor
8046,2026-02-24,530.0,2026-03-03,545.0,sunrise_attack_end,3,0.028302,0.022452,extras.intensity_floor
8047,2025-10-15,36.05,2025-10-22,43.5,high_long_black,4,0.206657,0.200807,extras.intensity_floor
8048,2025-11-21,65.2,2025-11-26,64.6,sunrise_attack_end,2,-0.009202,-0.015052,extras.intensity_floor
8054,2025-11-28,150.0,2025-12-02,146.0,sunrise_attack_end,1,-0.026667,-0.032517,extras.intensity_floor
8074,2025-12-23,47.25,2025-12-29,52.0,sunrise_attack_end,2,0.100529,0.094679,extras.intensity_floor
8074,2026-05-04,91.3,2026-05-07,84.5,high_long_black,2,-0.07448,-0.08033,extras.intensity_floor
8110,2025-12-09,50.0,2025-12-16,53.2,sunrise_attack_end,4,0.064,0.05815,extras.intensity_floor
8121,2025-09-16,29.0,2025-09-18,30.15,sunrise_attack_end,1,0.039655,0.033805,extras.intensity_floor
8121,2025-10-23,33.6,2025-10-29,31.35,high_long_black,2,-0.066964,-0.072814,extras.intensity_floor
8131,2025-10-02,32.3,2025-10-07,32.45,sunrise_attack_end,1,0.004644,-0.001206,extras.intensity_floor
8131,2025-10-20,36.2,2025-10-22,34.95,sunrise_attack_end,1,-0.03453,-0.04038,extras.intensity_floor
8131,2025-11-10,46.25,2025-11-13,46.55,sunrise_attack_end,2,0.006486,0.000636,extras.intensity_floor
8131,2026-01-26,85.3,2026-01-28,82.1,high_long_black,1,-0.037515,-0.043365,extras.intensity_floor
8147,2026-04-10,153.5,2026-04-15,148.0,high_long_black,2,-0.035831,-0.041681,extras.intensity_floor
8182,2026-04-17,39.55,2026-04-23,42.8,reversal_k.bearish_engulfing,3,0.082174,0.076324,extras.intensity_floor
8210,2025-06-13,383.0,2025-06-24,483.0,sunrise_attack_end,6,0.261097,0.255247,extras.intensity_floor
8210,2025-06-18,463.0,2025-06-24,483.0,sunrise_attack_end,3,0.043197,0.037347,extras.intensity_floor
8213,2026-02-26,37.5,2026-03-03,38.0,sunrise_attack_end,1,0.013333,0.007483,extras.intensity_floor
8213,2026-05-11,43.8,2026-05-13,39.5,high_long_black,1,-0.098174,-0.104024,extras.intensity_floor
8215,2026-04-17,28.9,2026-04-21,26.95,high_long_black,1,-0.067474,-0.073324,extras.intensity_floor
8227,2025-07-21,189.5,2025-07-23,176.0,reversal_k.bearish_engulfing,1,-0.07124,-0.07709,extras.intensity_floor
8271,2025-10-09,81.1,2025-10-16,105.5,sunrise_attack_end,3,0.300863,0.295013,extras.intensity_floor
8271,2025-10-16,111.5,2025-10-21,109.5,sunrise_attack_end,2,-0.017937,-0.023787,extras.intensity_floor
8289,2026-04-16,51.9,2026-04-20,51.0,high_long_black,1,-0.017341,-0.023191,extras.intensity_floor
8299,2025-09-12,663.0,2025-09-18,700.0,sunrise_attack_end,3,0.055807,0.049957,extras.intensity_floor
8299,2025-11-10,1330.0,2025-11-13,1330.0,sunrise_attack_end,2,0.0,-0.00585,extras.intensity_floor
8299,2025-12-31,1455.0,2026-01-05,1485.0,sunrise_attack_end,1,0.020619,0.014769,extras.intensity_floor
8299,2026-01-28,2345.0,2026-02-03,2275.0,high_long_black,3,-0.029851,-0.035701,extras.intensity_floor
8358,2025-07-18,86.4,2025-07-23,89.9,high_long_black,2,0.040509,0.034659,extras.intensity_floor
8358,2025-07-24,97.5,2025-08-04,112.0,sunrise_attack_end,6,0.148718,0.142868,extras.intensity_floor
8358,2025-07-28,107.0,2025-08-04,112.0,sunrise_attack_end,4,0.046729,0.040879,extras.intensity_floor
8358,2026-05-05,448.5,2026-05-11,460.0,reversal_k.bearish_engulfing,3,0.025641,0.019791,extras.intensity_floor
8383,2026-04-15,54.7,2026-04-24,69.9,reversal_k.dark_double_star,6,0.277879,0.272029,extras.intensity_floor
8390,2025-11-26,87.0,2025-12-01,87.2,reversal_k.bearish_engulfing,2,0.002299,-0.003551,extras.intensity_floor
8422,2025-08-07,199.0,2025-08-11,196.5,sunrise_attack_end,1,-0.012563,-0.018413,extras.intensity_floor
8422,2025-10-21,232.5,2025-10-27,243.0,high_long_black,2,0.045161,0.039311,extras.intensity_floor
8438,2026-01-16,62.8,2026-01-21,61.9,sunrise_attack_end,2,-0.014331,-0.020181,extras.intensity_floor
8438,2026-01-23,69.0,2026-01-27,67.3,sunrise_attack_end,1,-0.024638,-0.030488,extras.intensity_floor
8438,2026-04-10,93.3,2026-04-14,87.2,high_long_black,1,-0.06538,-0.07123,extras.intensity_floor
8438,2026-05-12,101.5,2026-05-14,101.0,sunrise_attack_end,1,-0.004926,-0.010776,extras.intensity_floor
8462,2025-08-28,161.5,2025-09-02,165.0,sunrise_attack_end,2,0.021672,0.015822,extras.intensity_floor
8462,2025-08-29,170.0,2025-09-02,165.0,sunrise_attack_end,1,-0.029412,-0.035262,extras.intensity_floor
8499,2025-07-07,185.0,2025-07-09,206.5,sunrise_attack_end,1,0.116216,0.110366,extras.intensity_floor
8905,2026-02-23,39.7,2026-02-25,39.55,sunrise_attack_end,1,-0.003778,-0.009628,extras.intensity_floor
8926,2025-05-09,44.7,2025-05-14,44.55,sunrise_attack_end,2,-0.003356,-0.009206,extras.intensity_floor
8931,2025-05-23,55.0,2025-05-28,55.0,sunrise_attack_end,2,0.0,-0.00585,extras.intensity_floor
8931,2025-05-26,55.0,2025-05-28,55.0,sunrise_attack_end,1,0.0,-0.00585,extras.intensity_floor
8932,2025-07-28,153.5,2025-07-30,153.5,sunrise_attack_end,1,0.0,-0.00585,extras.intensity_floor
8935,2025-09-01,28.05,2025-09-04,30.0,sunrise_attack_end,2,0.069519,0.063669,extras.intensity_floor
8996,2025-08-14,371.0,2025-08-19,363.5,sunrise_attack_end,2,-0.020216,-0.026066,extras.intensity_floor
8996,2025-11-03,651.0,2025-11-06,625.0,sunrise_attack_end,2,-0.039939,-0.045789,extras.intensity_floor
8996,2026-04-09,1050.0,2026-04-15,1200.0,high_long_black,3,0.142857,0.137007,extras.intensity_floor
9918,2025-05-14,40.35,2025-05-16,39.25,sunrise_attack_end,1,-0.027261,-0.033111,extras.intensity_floor
9925,2025-05-12,41.8,2025-05-14,41.65,sunrise_attack_end,1,-0.003589,-0.009439,extras.intensity_floor
9930,2025-05-02,73.0,2025-05-06,73.0,reversal_k.bearish_engulfing,1,0.0,-0.00585,extras.intensity_floor
9930,2025-05-09,75.8,2025-05-15,79.2,reversal_k.bearish_engulfing,3,0.044855,0.039005,extras.intensity_floor
9930,2025-05-12,79.5,2025-05-15,79.2,reversal_k.bearish_engulfing,2,-0.003774,-0.009624,extras.intensity_floor
9949,2026-04-20,36.5,2026-04-22,36.3,sunrise_attack_end,1,-0.005479,-0.011329,extras.intensity_floor
9955,2025-04-22,34.0,2025-04-24,33.55,sunrise_attack_end,1,-0.013235,-0.019085,extras.intensity_floor
