script_file,line_no,raw_text,parsed_date,partial_date,parsed_ticker,keyword,context_50char,source,event_type,source_image
ch2-2.txt,569,隔天確認出量 站上月線,,,,出量,這個地方做釋單 反正你就是跌破 這個月線之後慣性支撐在離開 你這個地方的成本會很低 這個地方你記得做釋單之後 這一次拉回又沒有破 對不對 這個地方再次做加碼或釋單都可以 那我們就確認 這個月線它又有了慣性支撐的價值存在 這個是我們在 PP 的文章裡面有寫到的 我們在這一天 我們前一天的時候 請大家在這個地方做觀察 它又守住了這個月線 所以我當天晚上把它寫出來之後 隔天確認出量 站上月線 我把它寫出,auto,,
ch2-3.txt,293,那個出量紅K 整個收最高,,,,出量,缺口出現了 下跌碰到這個位置 等一下 碰到打下去 碰到打下去 這天含上來了 有漲上來 但是最後還是被打下去 再來注意看喔 這個地方漲上來了 但是它沒有回補 注意這些都是細節 同學們注意看 這些都是細節 懂我意思嗎 紅K很厲害 那個出量紅K 整個收最高 完全沒有什麼上影線 但是你可以在這天進場嗎 不行 了解我意思嗎 因為它收盤價沒有大於 沒有大於這一個缺口的高點 好 隔天直接下去 繼續在這個地方 直,auto,,
ch2-4.txt,30,"01:38,隔日伴隨大量的綠K",,,,大量,"00:45,攻擊紅K後理想條件出現萎縮的成交量 00:53,攻擊紅K 出現的時候 00:56,最好出現萎縮的成交量 01:00,為什麼 01:01,它會是比較好的波段進場的條件 01:07,Ok 先記得先把這個概念記起來 01:10,攻擊紅K出現後 01:13,後面希望是要量縮的成交量 01:16,當然有很多是那種連續型態噴上去的 01:19,那當然沒辦法 01:20,我們就是用一個比較穩健型的方",auto,,
ch2-4.txt,44,"02:34,前一波大量K棒的高點",,,,大量,"01:35,當攻擊紅K後出現 01:38,隔日伴隨大量的綠K 01:40,則代表怎麼樣 籌碼非常的凌亂 01:43,也意味著當天有多數的人套牢 01:47,我們這個想法 這個用法 01:51,就等同於我們最一開始教的 01:54,如果你很大的黑K 01:57,伴隨大成交量 代表說多數人套牢 對不對 02:02,後續股價要守住這根綠K的低點 02:09,如果跌破的話 就視為轉弱訊號 02:14,股價",auto,,
ch2-4.txt,46,"02:40,後續可以用前面這一波大量K棒的高點",,,,大量,"01:40,則代表怎麼樣 籌碼非常的凌亂 01:43,也意味著當天有多數的人套牢 01:47,我們這個想法 這個用法 01:51,就等同於我們最一開始教的 01:54,如果你很大的黑K 01:57,伴隨大成交量 代表說多數人套牢 對不對 02:02,後續股價要守住這根綠K的低點 02:09,如果跌破的話 就視為轉弱訊號 02:14,股價需要重新轉強需要什麼條件 02:17,收盤站上此根綠K的高點 ",auto,,
ch2-4.txt,60,"03:23,帶有大量的K棒 在股價的左上方",,,,大量,"02:36,則視為多方訊號 這是講同樣的一件事情 02:40,後續可以用前面這一波大量K棒的高點 02:46,視為多方的支撐 02:48,這我們等一下馬上就會帶給各位 02:53,下一個 02:54,量增和量縮會與前一天去做比較 02:59,這個應該沒有問題 03:00,就是我們到底是怎麼判斷 03:03,量增還是量縮 03:06,我們就用前一天去做比較 03:08,好 我們馬上好像 03:09,",auto,,
ch2-4.txt,62,"03:29,帶有大量的K棒在股價的左下方",,,,大量,"02:46,視為多方的支撐 02:48,這我們等一下馬上就會帶給各位 02:53,下一個 02:54,量增和量縮會與前一天去做比較 02:59,這個應該沒有問題 03:00,就是我們到底是怎麼判斷 03:03,量增還是量縮 03:06,我們就用前一天去做比較 03:08,好 我們馬上好像 03:09,這邊廢話比較多 我希望大家就是 03:12,先了解這邊的文字 我們就來帶這個圖片 03:16,好 ",auto,,
ch2-4.txt,65,"03:36,股價衝擊前高 大量壓力會需要有大量K棒",,,,大量,"02:54,量增和量縮會與前一天去做比較 02:59,這個應該沒有問題 03:00,就是我們到底是怎麼判斷 03:03,量增還是量縮 03:06,我們就用前一天去做比較 03:08,好 我們馬上好像 03:09,這邊廢話比較多 我希望大家就是 03:12,先了解這邊的文字 我們就來帶這個圖片 03:16,好 下一個 03:18,如何以量價決定支撐壓力 03:23,帶有大量的K棒 在股價的左上方 0",auto,,
ch2-4.txt,68,"03:51,紅K出量 出量紅K",,,,出量,"03:03,量增還是量縮 03:06,我們就用前一天去做比較 03:08,好 我們馬上好像 03:09,這邊廢話比較多 我希望大家就是 03:12,先了解這邊的文字 我們就來帶這個圖片 03:16,好 下一個 03:18,如何以量價決定支撐壓力 03:23,帶有大量的K棒 在股價的左上方 03:27,則為股價的壓力 03:29,帶有大量的K棒在股價的左下方 03:32,則為股價的支撐 03:34,",auto,,
ch2-4.txt,69,"03:53,大量的綠K 量縮",,,,大量,"03:06,我們就用前一天去做比較 03:08,好 我們馬上好像 03:09,這邊廢話比較多 我希望大家就是 03:12,先了解這邊的文字 我們就來帶這個圖片 03:16,好 下一個 03:18,如何以量價決定支撐壓力 03:23,帶有大量的K棒 在股價的左上方 03:27,則為股價的壓力 03:29,帶有大量的K棒在股價的左下方 03:32,則為股價的支撐 03:34,這我們等一下都會帶 03:",auto,,
ch2-4.txt,71,"03:58,出量紅K 然後出量的綠K",,,,出量,"03:09,這邊廢話比較多 我希望大家就是 03:12,先了解這邊的文字 我們就來帶這個圖片 03:16,好 下一個 03:18,如何以量價決定支撐壓力 03:23,帶有大量的K棒 在股價的左上方 03:27,則為股價的壓力 03:29,帶有大量的K棒在股價的左下方 03:32,則為股價的支撐 03:34,這我們等一下都會帶 03:36,股價衝擊前高 大量壓力會需要有大量K棒 03:42,這可能文",auto,,
ch2-4.txt,75,"04:09,量是小的 但是這一天也算是出量了",,,,出量,"03:23,帶有大量的K棒 在股價的左上方 03:27,則為股價的壓力 03:29,帶有大量的K棒在股價的左下方 03:32,則為股價的支撐 03:34,這我們等一下都會帶 03:36,股價衝擊前高 大量壓力會需要有大量K棒 03:42,這可能文字上面聽的比較 03:46,沒辦法想像 我們等下就來教學 好不好 03:51,紅K出量 出量紅K 03:53,大量的綠K 量縮 03:56,跟前一天做比較",auto,,
ch2-4.txt,84,"04:37,帶有大量的K棒 如果在什麼",,,,大量,"03:53,大量的綠K 量縮 03:56,跟前一天做比較 對不對 03:58,出量紅K 然後出量的綠K 04:00,這沒有量縮 同學們 04:03,為了要講清楚 04:05,這個雖然比前一天 04:09,量是小的 但是這一天也算是出量了 04:13,量縮至少要在這個紅K的一半以下 04:16,量縮要在紅K的一半以下 04:19,了解我意思嗎 04:22,那這個地方 我們也要把它 04:25,比前一",auto,,
ch2-4.txt,85,"04:40,帶有大量的K棒",,,,大量,"03:56,跟前一天做比較 對不對 03:58,出量紅K 然後出量的綠K 04:00,這沒有量縮 同學們 04:03,為了要講清楚 04:05,這個雖然比前一天 04:09,量是小的 但是這一天也算是出量了 04:13,量縮至少要在這個紅K的一半以下 04:16,量縮要在紅K的一半以下 04:19,了解我意思嗎 04:22,那這個地方 我們也要把它 04:25,比前一根的K棒 要再一半以下 04:",auto,,
ch2-4.txt,90,"04:51,帶有大量K棒在左下角的話",,,,大量,"04:09,量是小的 但是這一天也算是出量了 04:13,量縮至少要在這個紅K的一半以下 04:16,量縮要在紅K的一半以下 04:19,了解我意思嗎 04:22,那這個地方 我們也要把它 04:25,比前一根的K棒 要再一半以下 04:28,一半以下 才叫做量縮 好不好 04:32,我再講一次 04:34,如何以量價決定支撐和壓力 04:37,帶有大量的K棒 如果在什麼 04:40,帶有大量的K",auto,,
ch2-4.txt,131,"06:52,再來大量低點為股價的支撐",,,,大量,"06:14,量縮 我們就可以進行什麼釋單 06:17,進場的一個條件 06:19,清楚 OK 06:21,好 下一個一樣 06:23,攻擊紅K之後 06:24,理想 量縮 06:25,攻擊紅K出現了 06:27,再來量縮 這邊已經縮到一個不行 06:30,但是還維持在這一個支撐之上 06:35,量縮價穩 06:36,這就是叫做量縮價穩 06:39,它沒有量縮然後直接 06:41,把這個缺口給跌破 ",auto,,
ch2-4.txt,133,"06:59,來 這邊出了大量",,,,大量,"06:19,清楚 OK 06:21,好 下一個一樣 06:23,攻擊紅K之後 06:24,理想 量縮 06:25,攻擊紅K出現了 06:27,再來量縮 這邊已經縮到一個不行 06:30,但是還維持在這一個支撐之上 06:35,量縮價穩 06:36,這就是叫做量縮價穩 06:39,它沒有量縮然後直接 06:41,把這個缺口給跌破 06:46,它至少是量縮然後在這個支撐之上的 06:49,是一個好的進",auto,,
ch2-4.txt,134,"07:02,這邊也是出了大量",,,,大量,"06:21,好 下一個一樣 06:23,攻擊紅K之後 06:24,理想 量縮 06:25,攻擊紅K出現了 06:27,再來量縮 這邊已經縮到一個不行 06:30,但是還維持在這一個支撐之上 06:35,量縮價穩 06:36,這就是叫做量縮價穩 06:39,它沒有量縮然後直接 06:41,把這個缺口給跌破 06:46,它至少是量縮然後在這個支撐之上的 06:49,是一個好的進場條件 06:52,再來",auto,,
ch2-4.txt,136,"07:06,每一根大量 你把每一根大量",,,,大量,"06:24,理想 量縮 06:25,攻擊紅K出現了 06:27,再來量縮 這邊已經縮到一個不行 06:30,但是還維持在這一個支撐之上 06:35,量縮價穩 06:36,這就是叫做量縮價穩 06:39,它沒有量縮然後直接 06:41,把這個缺口給跌破 06:46,它至少是量縮然後在這個支撐之上的 06:49,是一個好的進場條件 06:52,再來大量低點為股價的支撐 06:57,我們看一下 06:5",auto,,
ch2-4.txt,138,"07:10,這邊也算是出量 也畫起來",,,,出量,"06:27,再來量縮 這邊已經縮到一個不行 06:30,但是還維持在這一個支撐之上 06:35,量縮價穩 06:36,這就是叫做量縮價穩 06:39,它沒有量縮然後直接 06:41,把這個缺口給跌破 06:46,它至少是量縮然後在這個支撐之上的 06:49,是一個好的進場條件 06:52,再來大量低點為股價的支撐 06:57,我們看一下 06:59,來 這邊出了大量 07:02,這邊也是出了大量 ",auto,,
ch2-4.txt,139,"07:13,後續股價都會守住這個大量的低點",,,,大量,"06:30,但是還維持在這一個支撐之上 06:35,量縮價穩 06:36,這就是叫做量縮價穩 06:39,它沒有量縮然後直接 06:41,把這個缺口給跌破 06:46,它至少是量縮然後在這個支撐之上的 06:49,是一個好的進場條件 06:52,再來大量低點為股價的支撐 06:57,我們看一下 06:59,來 這邊出了大量 07:02,這邊也是出了大量 07:04,畫一下 07:06,每一根大量 ",auto,,
ch2-4.txt,142,"07:20,這根出量 守住",,,,出量,"06:39,它沒有量縮然後直接 06:41,把這個缺口給跌破 06:46,它至少是量縮然後在這個支撐之上的 06:49,是一個好的進場條件 06:52,再來大量低點為股價的支撐 06:57,我們看一下 06:59,來 這邊出了大量 07:02,這邊也是出了大量 07:04,畫一下 07:06,每一根大量 你把每一根大量 07:09,低點都畫起來 07:10,這邊也算是出量 也畫起來 07:13,後",auto,,
ch2-4.txt,149,"07:35,這個大量 對不對",,,,大量,"07:02,這邊也是出了大量 07:04,畫一下 07:06,每一根大量 你把每一根大量 07:09,低點都畫起來 07:10,這邊也算是出量 也畫起來 07:13,後續股價都會守住這個大量的低點 07:16,這邊也是突出的量 對不對 07:18,守住 再來 07:20,這根出量 守住 07:23,懂嗎 同學們 07:25,你現在學到這邊已經有蠻多的 07:28,判斷支撐的方式了 07:30,我們",auto,,
ch2-4.txt,162,"08:04,價漲 然後這邊全部都是成交量 爆出來",,,,爆出,"07:32,第二個講的是缺口 07:33,第三個是講什麼 07:35,這個大量 對不對 07:36,要了解 我們記得 07:38,我們要把學的東西開始融合在一起 07:42,OK 下一個 07:44,健康的量價關係 07:45,價漲量增 價跌量縮 07:48,每次的 07:50,這個是後續 07:51,我們先看這邊 07:52,一開始價漲量增 下面是成交量 07:58,價跌要搭配量縮 08:02,",auto,,
ch2-4.txt,169,"08:31,整理量縮 攻擊量增",,,,攻擊量,"07:45,價漲量增 價跌量縮 07:48,每次的 07:50,這個是後續 07:51,我們先看這邊 07:52,一開始價漲量增 下面是成交量 07:58,價跌要搭配量縮 08:02,價漲量增 08:03,價跌量縮 08:04,價漲 然後這邊全部都是成交量 爆出來 08:08,價跌的話 08:11,價跌伴隨量縮 08:15,價漲這邊價漲伴隨量增 08:20,這邊都是在橫盤的整理  08:24,橫盤",auto,,
ch2-4.txt,172,"08:37,這邊每次的大量黑K",,,,大量,"07:51,我們先看這邊 07:52,一開始價漲量增 下面是成交量 07:58,價跌要搭配量縮 08:02,價漲量增 08:03,價跌量縮 08:04,價漲 然後這邊全部都是成交量 爆出來 08:08,價跌的話 08:11,價跌伴隨量縮 08:15,價漲這邊價漲伴隨量增 08:20,這邊都是在橫盤的整理  08:24,橫盤整理的時候 量縮 08:27,紅K拉出來 攻擊的時候 量增 08:31,整理",auto,,
ch2-4.txt,174,"08:43,因為只要股價跌破大量黑K的低點",,,,大量,"07:58,價跌要搭配量縮 08:02,價漲量增 08:03,價跌量縮 08:04,價漲 然後這邊全部都是成交量 爆出來 08:08,價跌的話 08:11,價跌伴隨量縮 08:15,價漲這邊價漲伴隨量增 08:20,這邊都是在橫盤的整理  08:24,橫盤整理的時候 量縮 08:27,紅K拉出來 攻擊的時候 量增 08:31,整理量縮 攻擊量增 08:33,整理量縮 08:35,直到怎麼樣 08:",auto,,
ch2-4.txt,178,"08:54,大量的黑K",,,,大量,"08:08,價跌的話 08:11,價跌伴隨量縮 08:15,價漲這邊價漲伴隨量增 08:20,這邊都是在橫盤的整理  08:24,橫盤整理的時候 量縮 08:27,紅K拉出來 攻擊的時候 量增 08:31,整理量縮 攻擊量增 08:33,整理量縮 08:35,直到怎麼樣 08:37,這邊每次的大量黑K 08:41,都會需要謹慎視之 08:43,因為只要股價跌破大量黑K的低點 08:46,高機率做長",auto,,
ch2-4.txt,179,"08:58,然後後續找黑K的 有沒有大量的",,,,大量,"08:11,價跌伴隨量縮 08:15,價漲這邊價漲伴隨量增 08:20,這邊都是在橫盤的整理  08:24,橫盤整理的時候 量縮 08:27,紅K拉出來 攻擊的時候 量增 08:31,整理量縮 攻擊量增 08:33,整理量縮 08:35,直到怎麼樣 08:37,這邊每次的大量黑K 08:41,都會需要謹慎視之 08:43,因為只要股價跌破大量黑K的低點 08:46,高機率做長時間整理 甚至下跌 0",auto,,
ch2-4.txt,182,"09:08,這邊確定是大量 對不對",,,,大量,"08:24,橫盤整理的時候 量縮 08:27,紅K拉出來 攻擊的時候 量增 08:31,整理量縮 攻擊量增 08:33,整理量縮 08:35,直到怎麼樣 08:37,這邊每次的大量黑K 08:41,都會需要謹慎視之 08:43,因為只要股價跌破大量黑K的低點 08:46,高機率做長時間整理 甚至下跌 08:49,來 這邊有出現一個 08:52,有沒有 這邊出現了一個 08:54,大量的黑K 08:",auto,,
ch2-4.txt,190,"09:31,本節重點 當股價跌破大量K棒",,,,大量,"08:46,高機率做長時間整理 甚至下跌 08:49,來 這邊有出現一個 08:52,有沒有 這邊出現了一個 08:54,大量的黑K 08:58,然後後續找黑K的 有沒有大量的 09:02,好 這邊我勉強算一下 好不好 09:05,沒關係我們還是把它帶起來 沒有破 09:08,這邊確定是大量 對不對 09:10,非常明確  09:11,畫過來 不能跌破這個位置 09:17,下一個 09:18,來 ",auto,,
ch2-4.txt,193,"09:45,大量低點在這邊",,,,大量,"08:54,大量的黑K 08:58,然後後續找黑K的 有沒有大量的 09:02,好 這邊我勉強算一下 好不好 09:05,沒關係我們還是把它帶起來 沒有破 09:08,這邊確定是大量 對不對 09:10,非常明確  09:11,畫過來 不能跌破這個位置 09:17,下一個 09:18,來 你有沒有發現 09:20,剛剛在這個地方 這一條 09:23,後面跌破 所以我們必須要在這一根離場 09:29",auto,,
ch2-4.txt,198,"09:56,且收盤價站上大量K棒的高點",,,,大量,"09:10,非常明確  09:11,畫過來 不能跌破這個位置 09:17,下一個 09:18,來 你有沒有發現 09:20,剛剛在這個地方 這一條 09:23,後面跌破 所以我們必須要在這一根離場 09:29,我們看一下 09:31,本節重點 當股價跌破大量K棒 09:36,尤其是黑K的低點 09:38,日後每當漲到這一個位置 09:45,大量低點在這邊 09:46,漲到這個位置 09:48,都會",auto,,
ch2-4.txt,202,"10:09,跌破了大量的K棒 黑K",,,,大量,"09:20,剛剛在這個地方 這一條 09:23,後面跌破 所以我們必須要在這一根離場 09:29,我們看一下 09:31,本節重點 當股價跌破大量K棒 09:36,尤其是黑K的低點 09:38,日後每當漲到這一個位置 09:45,大量低點在這邊 09:46,漲到這個位置 09:48,都會有強大的賣壓 09:50,都不會是你一個進場的一個條件 09:52,懂嗎 後續會需要更大的量 09:56,且收盤",auto,,
ch2-4.txt,208,"10:26,我會等到這一根大量的高點紅線突破",,,,大量,"09:45,大量低點在這邊 09:46,漲到這個位置 09:48,都會有強大的賣壓 09:50,都不會是你一個進場的一個條件 09:52,懂嗎 後續會需要更大的量 09:56,且收盤價站上大量K棒的高點 09:59,才會視為多方的強勢訊號 也才會有進場的理由 10:03,同學們 我來跟你解釋一下這句話的意思 10:07,我們持有一檔標的的時候 10:09,跌破了大量的K棒 黑K 10:12,不管黑",auto,,
ch2-4.txt,221,"11:03,大量的這個黑K的高點",,,,大量,"10:21,轉強 比較穩健一點的話 10:24,比較穩健一點的話 10:26,我會等到這一根大量的高點紅線突破 10:32,站上 不要說突破 我們說站上 10:37,站上 我們才會有進場的理由 10:40,我不會等到 10:42,應該說 10:44,要看情況 10:45,但是我大部分的時間 10:47,不會在這一個黑K的低點去做釋單 10:51,去做進場 10:52,了解我意思嗎 10:53,我會",auto,,
ch2-4.txt,243,"11:56,當股價帶量站上大量高點之後",,,,大量,"11:20,你確認 11:21,你先判斷第一件事情 11:25,股價有沒有轉強 11:28,你要先有能力去判斷股價轉強還是轉弱 11:33,這是第一件事情 11:34,第二件事情 11:36,轉強我們才會做進場 11:39,轉強我們才會進場 11:40,所以你要進場之前 你要有能力先判斷它轉強 11:43,沒有錯吧 這邏輯沒有錯 對不對 11:46,了解我意思嗎 11:47,這個就是 11:48,",auto,,
ch2-4.txt,244,"12:00,大量高點為第一支撐",,,,大量,"11:21,你先判斷第一件事情 11:25,股價有沒有轉強 11:28,你要先有能力去判斷股價轉強還是轉弱 11:33,這是第一件事情 11:34,第二件事情 11:36,轉強我們才會做進場 11:39,轉強我們才會進場 11:40,所以你要進場之前 你要有能力先判斷它轉強 11:43,沒有錯吧 這邏輯沒有錯 對不對 11:46,了解我意思嗎 11:47,這個就是 11:48,主力大這邊要教你的一",auto,,
ch2-4.txt,245,"12:02,大量低點則為第二支撐",,,,大量,"11:25,股價有沒有轉強 11:28,你要先有能力去判斷股價轉強還是轉弱 11:33,這是第一件事情 11:34,第二件事情 11:36,轉強我們才會做進場 11:39,轉強我們才會進場 11:40,所以你要進場之前 你要有能力先判斷它轉強 11:43,沒有錯吧 這邏輯沒有錯 對不對 11:46,了解我意思嗎 11:47,這個就是 11:48,主力大這邊要教你的一個判斷的方式 11:52,OK ",auto,,
ch2-4.txt,248,"12:09,股價站上大量高點 對不對",,,,大量,"11:34,第二件事情 11:36,轉強我們才會做進場 11:39,轉強我們才會進場 11:40,所以你要進場之前 你要有能力先判斷它轉強 11:43,沒有錯吧 這邏輯沒有錯 對不對 11:46,了解我意思嗎 11:47,這個就是 11:48,主力大這邊要教你的一個判斷的方式 11:52,OK 11:53,好 下一個 11:56,當股價帶量站上大量高點之後 12:00,大量高點為第一支撐 12:0",auto,,
ch2-4.txt,250,"12:14,這邊是一個大量",,,,大量,"11:39,轉強我們才會進場 11:40,所以你要進場之前 你要有能力先判斷它轉強 11:43,沒有錯吧 這邏輯沒有錯 對不對 11:46,了解我意思嗎 11:47,這個就是 11:48,主力大這邊要教你的一個判斷的方式 11:52,OK 11:53,好 下一個 11:56,當股價帶量站上大量高點之後 12:00,大量高點為第一支撐 12:02,大量低點則為第二支撐 12:05,好 什麼意思 12",auto,,
ch2-4.txt,251,"12:19,這邊有一個大量高點",,,,大量,"11:40,所以你要進場之前 你要有能力先判斷它轉強 11:43,沒有錯吧 這邏輯沒有錯 對不對 11:46,了解我意思嗎 11:47,這個就是 11:48,主力大這邊要教你的一個判斷的方式 11:52,OK 11:53,好 下一個 11:56,當股價帶量站上大量高點之後 12:00,大量高點為第一支撐 12:02,大量低點則為第二支撐 12:05,好 什麼意思 12:07,我跟各位說明一下 12",auto,,
ch2-4.txt,256,"12:31,它站上了這個大量高點",,,,大量,"11:52,OK 11:53,好 下一個 11:56,當股價帶量站上大量高點之後 12:00,大量高點為第一支撐 12:02,大量低點則為第二支撐 12:05,好 什麼意思 12:07,我跟各位說明一下 12:09,股價站上大量高點 對不對 12:12,後續股價不能跌破這個高點 12:14,這邊是一個大量 12:19,這邊有一個大量高點 12:21,好 這一根突破了 12:24,這根帶量 12:2",auto,,
ch2-4.txt,283,"13:54,巨量黑K之後 你有沒有發現",,,,巨量,"13:06,這就是第一支撐 和第二支撐 13:08,這是第一支撐 13:11,最強的 第一個支撐不要跌破 13:13,第二支撐 這個轉強的突破 K棒的低點不能跌破 13:17,了解我意思嗎 13:18,好 再來 13:21,下一個 後續 13:24,隔一天馬上出現了一個更大的成交量 13:27,但是它是黑K 13:30,那這個就比較麻煩一點 13:35,你未來股價一定要突破 13:40,這一個黑K",auto,,
ch2-4.txt,302,"15:00,站上前波大量的K棒高點 則為轉強訊號",,,6672.0,大量,"14:05,所以未來 你要有辦法去做這個判斷 14:08,出現黑K高點 14:10,你要把它連線  14:14,黑K高點 是我們的好朋友 懂嗎 14:18,如果哪一天它能帶量的 14:22,收盤價有站上 14:26,這個黑K的高點的話 14:28,就是一個進場的一個條件 14:31,它可能就會是一個轉強的一個訊號 14:34,那就是我們可能可以進場的一個情況 14:39,了解我意思嗎 14:40,",auto,,
ch2-4.txt,303,"15:06,後續以前波大量高點 作為多方第一支撐",,,6672.0,大量,"14:08,出現黑K高點 14:10,你要把它連線  14:14,黑K高點 是我們的好朋友 懂嗎 14:18,如果哪一天它能帶量的 14:22,收盤價有站上 14:26,這個黑K的高點的話 14:28,就是一個進場的一個條件 14:31,它可能就會是一個轉強的一個訊號 14:34,那就是我們可能可以進場的一個情況 14:39,了解我意思嗎 14:40,大概就是這樣看 好不好 14:44,好 這部分",auto,,
ch2-4.txt,309,"15:25,大量的黑K 對不對",,,6672.0,大量,"14:28,就是一個進場的一個條件 14:31,它可能就會是一個轉強的一個訊號 14:34,那就是我們可能可以進場的一個情況 14:39,了解我意思嗎 14:40,大概就是這樣看 好不好 14:44,好 這部分應該沒有太大的問題 14:50,我們這個做股票的話 就是慢慢的做 14:56,好 再來股價收盤價 15:00,站上前波大量的K棒高點 則為轉強訊號 15:06,後續以前波大量高點 作為多方第",auto,,
ch2-4.txt,329,"16:16,股價收盤價站上前波大量黑K的高點之後",,,,大量,"15:37,帶量站上這個位子  15:39,有沒有收盤價 你看一下喔 15:43,畫過來 站上 15:46,這個位置就會是一個 15:48,進場的那個訊號給我們 15:51,轉強了 轉強了對不對  15:54,所以我們判斷 15:55,這一根後續 15:57,第一強它不能跌破 16:00,這一根K棒的高點 16:03,波段上面你不能跌破 16:05,這一根的低點 16:08,轉強K棒的低點 清楚嗎",auto,,
ch2-4.txt,330,"16:21,則為轉強訊號 後續可以前波大量K棒高點",,,,大量,"15:39,有沒有收盤價 你看一下喔 15:43,畫過來 站上 15:46,這個位置就會是一個 15:48,進場的那個訊號給我們 15:51,轉強了 轉強了對不對  15:54,所以我們判斷 15:55,這一根後續 15:57,第一強它不能跌破 16:00,這一根K棒的高點 16:03,波段上面你不能跌破 16:05,這一根的低點 16:08,轉強K棒的低點 清楚嗎 16:10,所以有第一次和第二",auto,,
ch2-4.txt,333,"16:32,好 大量黑K的一個高點",,,,大量,"15:48,進場的那個訊號給我們 15:51,轉強了 轉強了對不對  15:54,所以我們判斷 15:55,這一根後續 15:57,第一強它不能跌破 16:00,這一根K棒的高點 16:03,波段上面你不能跌破 16:05,這一根的低點 16:08,轉強K棒的低點 清楚嗎 16:10,所以有第一次和第二支撐 16:12,OK 好來這邊 16:16,股價收盤價站上前波大量黑K的高點之後 16:21,",auto,,
ch2-5.txt,96,出量又往上漲,,,,出量,出現了第一次怎麼樣 打到之後 隔天收紅K上去 代表說我們先第一個判讀 它的月線是有慣性支撐的 我們先這樣判讀 我們剛剛有說明的 對不對 就是慣性支撐的用法 好 再來往上走 繼續往上走 它這個地方第一次反彈上去之後 下一次又跌到哪裡 又跌到慣性支撐  對不對 月線的位置 又守住  為什麼 你看喔 打到月線 隔天又跳上去 隔天又往上漲 出量又往上漲 打到月線的位置 隔天出量 跟前一天比的量 它出量紅K,auto,,
ch2-5.txt,97,打到月線的位置 隔天出量,,,,出量,打到之後 隔天收紅K上去 代表說我們先第一個判讀 它的月線是有慣性支撐的 我們先這樣判讀 我們剛剛有說明的 對不對 就是慣性支撐的用法 好 再來往上走 繼續往上走 它這個地方第一次反彈上去之後 下一次又跌到哪裡 又跌到慣性支撐  對不對 月線的位置 又守住  為什麼 你看喔 打到月線 隔天又跳上去 隔天又往上漲 出量又往上漲 打到月線的位置 隔天出量 跟前一天比的量 它出量紅K往上漲 打到月線的位,auto,,
ch2-5.txt,99,它出量紅K往上漲,,,,出量,它的月線是有慣性支撐的 我們先這樣判讀 我們剛剛有說明的 對不對 就是慣性支撐的用法 好 再來往上走 繼續往上走 它這個地方第一次反彈上去之後 下一次又跌到哪裡 又跌到慣性支撐  對不對 月線的位置 又守住  為什麼 你看喔 打到月線 隔天又跳上去 隔天又往上漲 出量又往上漲 打到月線的位置 隔天出量 跟前一天比的量 它出量紅K往上漲 打到月線的位置 紅K 出量 又站上去 再往前 這樣就一直往前走,auto,,
ch2-5.txt,101,紅K 出量 又站上去,,,,出量,我們剛剛有說明的 對不對 就是慣性支撐的用法 好 再來往上走 繼續往上走 它這個地方第一次反彈上去之後 下一次又跌到哪裡 又跌到慣性支撐  對不對 月線的位置 又守住  為什麼 你看喔 打到月線 隔天又跳上去 隔天又往上漲 出量又往上漲 打到月線的位置 隔天出量 跟前一天比的量 它出量紅K往上漲 打到月線的位置 紅K 出量 又站上去 再往前 這樣就一直往前走了 來注意看 這邊有什麼教學點 非常簡單,auto,,
ch2-5.txt,147,又出量紅K拉上去,,,,出量,然後缺口 我們從這個地方 缺口開始注意它 量縮這個地方 第一次釋單 對不對 到這個位置我們回顧一下 到這個位置回跌下來之後 打到了月線拉上去 均線有慣性支撐 確認 下一次 抱歉 等一下喔 下一次打到 我們把這個均線切掉 這樣看清楚很多 對不對 我們剛剛已經確認均線是多頭排列的 沒有問題了 我們就把其他均線切掉 第二次打到月線 又出量紅K拉上去 這地方就做進場 對不對 慣性支撐在這個位置 如果停損的,auto,,
ch2-5.txt,159,出量黑K,,,,出量,我們剛剛已經確認均線是多頭排列的 沒有問題了 我們就把其他均線切掉 第二次打到月線 又出量紅K拉上去 這地方就做進場 對不對 慣性支撐在這個位置 如果停損的話就直接設定跌破月線就可以了 所以你的風報比會非常的低 就是你的停損的距離會很低 你可以用非常小的一個停損 去換取上面高的報酬 這就風報比的概念 你可以去查一下 再來下一個 這邊兩根黑K 不是 一根黑k 出量黑K 這是出量 這不是量縮 這是出量,auto,,
ch2-5.txt,160,這是出量 這不是量縮,,,,出量,我們就把其他均線切掉 第二次打到月線 又出量紅K拉上去 這地方就做進場 對不對 慣性支撐在這個位置 如果停損的話就直接設定跌破月線就可以了 所以你的風報比會非常的低 就是你的停損的距離會很低 你可以用非常小的一個停損 去換取上面高的報酬 這就風報比的概念 你可以去查一下 再來下一個 這邊兩根黑K 不是 一根黑k 出量黑K 這是出量 這不是量縮 這是出量 對不對 我們的定義 它至少要在前一根K棒大量,auto,,
ch2-5.txt,161,這是出量 對不對 我們的定義,,,,出量,第二次打到月線 又出量紅K拉上去 這地方就做進場 對不對 慣性支撐在這個位置 如果停損的話就直接設定跌破月線就可以了 所以你的風報比會非常的低 就是你的停損的距離會很低 你可以用非常小的一個停損 去換取上面高的報酬 這就風報比的概念 你可以去查一下 再來下一個 這邊兩根黑K 不是 一根黑k 出量黑K 這是出量 這不是量縮 這是出量 對不對 我們的定義 它至少要在前一根K棒大量的一半以下才叫量縮 這,auto,,
ch2-5.txt,162,它至少要在前一根K棒大量的一半以下才叫量縮,,,,大量,又出量紅K拉上去 這地方就做進場 對不對 慣性支撐在這個位置 如果停損的話就直接設定跌破月線就可以了 所以你的風報比會非常的低 就是你的停損的距離會很低 你可以用非常小的一個停損 去換取上面高的報酬 這就風報比的概念 你可以去查一下 再來下一個 這邊兩根黑K 不是 一根黑k 出量黑K 這是出量 這不是量縮 這是出量 對不對 我們的定義 它至少要在前一根K棒大量的一半以下才叫量縮 這根沒有量縮 它的,auto,,
ch3-1.txt,55,你會大量的買進同一個族群,,,,大量,但是沒有一些法人籌碼的進駐的話 是不是就代表說 市場對於他未來的成長性 可能會有一點產生質疑 所以我們要找 就是要找有法人籌碼進駐的 那波段的特性 我們就會從外資開始 這邊提到第一個 我們外資的買賣超裡面 我們可以找到族群性 等一下我們會教學 族群性  這個非常的重要 我們可以知道最近 法人對於哪一個族群 是特別有研究 特別看好的 很簡單這道理 你會大量的買進同一個族群 代表說對於這個族群 前景未,auto,,
ch3-1.txt,63,我們就可以判斷它今天是有大量的進駐,,,,大量,我們可以找到族群性 等一下我們會教學 族群性  這個非常的重要 我們可以知道最近 法人對於哪一個族群 是特別有研究 特別看好的 很簡單這道理 你會大量的買進同一個族群 代表說對於這個族群 前景未來是看好的 就這麼簡單 對不對 就像是我們一開始買股票背後的道理一模一樣 籌碼買超佔總成交 當日它自己總成交 兩萬張或者是1/3以上 我們就可以判斷它今天是有大量的進駐 這兩個是一個重點 我們可以從這一個籌,auto,,
ch3-2.txt,84,"04:05,跌破月線 或者是你用這一個大量的紅K低點去做防守",,,,大量,"03:19,我們剛才在三月九號 03:20,選出這邊有族群性之後 03:23,我們就挑開發金 03:25,不管是哪一個金 03:27,我就挑開發金進來 03:31,這天選出來 對不對 03:34,它必須要離 03:37,我們先確認第一個 03:41,月線和季線呈現上彎 第一個符合了 03:46,我希望它也符合我第二個條件  03:50,當前股價要離月線 03:55,在5％以內 03:56,好 所以",auto,,
ch3-2.txt,196,"09:40,然後3月12日出量",,????-03-15,,出量,"09:04,走上來之後你要再做加碼 很簡單 09:07,做穩健的 09:08,這邊當然 過程中可以做短線的加碼 09:12,但是波段的加碼在哪個地方 09:15,回跌到這個位置 09:17,3月15號 09:19,上升的月線 季線 然後重點是離什麼 09:23,月線20ma 5％以內 09:26,記得我們 09:28,在這邊 09:30,在3月15號的時候 09:31,我在這個PP上面有寫到 09",auto,,
ch3-2.txt,200,"09:49,出量有機會挑戰前高",,????-03-15,,出量,"09:15,回跌到這個位置 09:17,3月15號 09:19,上升的月線 季線 然後重點是離什麼 09:23,月線20ma 5％以內 09:26,記得我們 09:28,在這邊 09:30,在3月15號的時候 09:31,我在這個PP上面有寫到 09:33,外資籌碼集中標的 09:35,外資前波大買後 開始進行整理盤整 09:38,3月11日出現窒息量 09:40,然後3月12日出量 09:42,",auto,,
ch4-1.txt,102,外資比較少去大量的買超這個上櫃的股票,,,,大量,有可能有一個一波短線的漲幅 了解意思嗎 投信的標的在兩個禮拜左右 一兩個禮拜都可以有一個 不要說都 就是高機率 都會有一些波動 你可以去觀察 好不好 好 那這邊就是你切一下 也可以切到這個上櫃的 上櫃的部分 那個投信大部分的標的 就像是那個上櫃的股票 投信會比較著墨 然後那個上市的 通常都是外資在著墨的 外資比較少去大量的買超這個上櫃的股票 因為上櫃是屬於中小型企業 對不對 中小型企業的話其實都是,auto,,
ch4-2.txt,230,"20:30,第三節，好，左那個左方越多的大量K棒，好在上面股價的上方，代表說這邊都是壓力。",,,,大量,"18:45,一個切入的，騎行切入的機會。 18:48,好，非常的，呃，怎麼講，SOP啦，哦，非常的SOP，所以你會覺得很難嗎？並沒有，對不對？ 18:56,好，我們第二個，第二個我們要講什麼？反轉的形態。好，反反轉的形態。 19:04,這個是反轉形態的進出策略，我們這邊有一個圖例給各位，好，我們一帶各位一起看。 19:12,這個策略最主要的目的在於趨勢反轉，抓到安全的切入點。我們馬上來看一下這個使",auto,,
ch4-2.txt,429,"38:00,非常的簡單，因為它的前一天是出量的，站上上軌，收盤價在上軌之上。",,,,出量,"36:26,這樣。 36:28,原本都在股價都在上軌之上，對不對？但是它哪一天，它的它收盤價在上軌？ 36:34,上軌的下面的時候，好，那就是一個模擬出場的位置了，就是這筆交易模模擬交易的出場的位置，瞭解意思嗎？ 36:43,好，股價齊漲或齊跌的特色啊，就是布林通道會從窄的時候變長，變成是喇叭的形狀。 36:51,OK，好，那我們這個廢話不多說啊，我們直接帶案例，你絕對就可以瞭解。 36:59,好",auto,,
ch4-2.txt,432,"38:21,出量哦，哦，這樣子它的那個支撐才有有出來，瞭解我意思嗎？",,,,出量,"36:43,好，股價齊漲或齊跌的特色啊，就是布林通道會從窄的時候變長，變成是喇叭的形狀。 36:51,OK，好，那我們這個廢話不多說啊，我們直接帶案例，你絕對就可以瞭解。 36:59,好，再來六六七二騰輝電子，在五月二十八號的時候，我們在這個地方有發現到，它已經怎麼樣？ 37:07,帶量的突出了上軌，好，帶量的突出了上軌，對不對？ 37:15,這個位置。 37:16,好，再讓圖上軌這種哈。 37:",auto,,
ch4-2.txt,444,"39:32,對不對？出量站上了上軌，出量站上了上軌，你可以在這一天的什麼？",,,,出量,"38:00,非常的簡單，因為它的前一天是出量的，站上上軌，收盤價在上軌之上。 38:09,後續，它的上軌就會具備。 38:13,支撐多方的支撐買盤，瞭解我意思嗎？就是這樣看，它吐出去上軌，它必須要。 38:21,出量哦，哦，這樣子它的那個支撐才有有出來，瞭解我意思嗎？ 38:26,OK，一路這樣走走走走走走走到這個地方，好，離開了上軌，收盤價離開上軌。 38:35,短線陷入可能陷入三到五天的整理，",auto,,
ch4-2.txt,478,"42:40,出量站上上軌了。",,,6237.0,出量,"41:23,這是上通道。 41:25,你要麼就一定要跳出去，好，不然你就回到下面去。為什麼？因為只要股價在下。 41:33,上軌之下的話，股價哦，股價在上軌之下的話，哎，這邊注意看。 41:41,有沒有股價在上軌之下的時候，就很容易形成什麼？ 41:47,麥芽。 41:48,這是一個雙面刃，懂嗎？所以我希望他趕快跳出去，趕快的跳出去，就可以變成另外一種格局。 41:57,另外一種就是他轉型了，他突",auto,,
ch5-2.txt,11,有講到我們的右下角要是出量的,,,,出量,好 同學們來到下一節 兩大精選關鍵 什麼意思呢 我們剛才在上一節的時候 挑出了5～10檔不等的當沖標的 從這裡面要如何去找到最精選的1～3檔 明天要來當沖的呢 有兩個關鍵的因素分享給大家 第一個 準備要突破前面的高點 第二個 量 還記不記得我們在複習第二單元的時候 有講到我們的右下角要是出量的 這兩個是非常重要的一件事 我們必須要在右邊下面 是必須要出量的 它準備要去過這個高點 過這個前面的高點 ,auto,,
ch5-2.txt,14,是必須要出量的,,,,出量,好 同學們來到下一節 兩大精選關鍵 什麼意思呢 我們剛才在上一節的時候 挑出了5～10檔不等的當沖標的 從這裡面要如何去找到最精選的1～3檔 明天要來當沖的呢 有兩個關鍵的因素分享給大家 第一個 準備要突破前面的高點 第二個 量 還記不記得我們在複習第二單元的時候 有講到我們的右下角要是出量的 這兩個是非常重要的一件事 我們必須要在右邊下面 是必須要出量的 它準備要去過這個高點 過這個前面的高點 ,auto,,
ch5-2.txt,67,你必須要伴隨大量在右下角,,,,大量,它在10%以內 就要過這一個前面的高點 好 這個部分你可以記一下 這叫做什麼 準突破 第二個重點 量 比較一下 左邊的量跟右邊的量 來 這邊用肉眼來判斷一下 右邊的這個地方的量是不是大於左邊的量 對不對 還記不記得我們第二單元的時候有講 你可以去回顧一下 我們說你要衝擊前高的時候 我還非常深刻 第二單元好像 量價那個地方第四點 你要衝擊前高  你必須要伴隨大量在右下角 這就是呼應我一開始最基礎的 ,auto,,
ch5-2.txt,77,這個地方也有出量 我們先從第一步來好了,,,,出量,你可以去回顧一下 我們說你要衝擊前高的時候 我還非常深刻 第二單元好像 量價那個地方第四點 你要衝擊前高  你必須要伴隨大量在右下角 這就是呼應我一開始最基礎的 量價教學的那個部分 如果你不熟悉的話 記得要回去那個地方複習 好不好 你要過前高 你的量一定要給我滾出來 雖然這樣講好像不太好聽 但是這個就是滾量 就是這個意思 好 再下一個 我們那時候挑到什麼 台揚 對不對 我們剛剛前幾章挑到台揚 這個,auto,,
ch5-2.txt,91,更前面的這一個大量的話,,,2010.0,大量,台揚 對不對 我們剛剛前幾章挑到台揚 這個地方也有出量 我們先從第一步來好了 第一步 準備要突破前波高點 前波高點在這個地方 準備要過 準備要過去了 第二個 下面是有量的 這個高點是沒有量的 對不對 雖然它後面有量沒有錯 只是它會需要更大的量去過這邊 所以很簡單 你可以先去用這種方式判斷 如果是右邊的量比較大的話 這個部分前面就有機會去攻擊這個前高 那如果你要再攻擊 更前面的這一個大量的話 你這個,auto,,
ch5-3.txt,485,會有大量的一個買盤,,,,大量,符合前置條件之後 我們再積極的朋友 你可以觀察第二根紅K 這個位置 第二根紅K 有沒有跌破第一根K棒 再來直接過第一根高點做切入 是否直接過第一根高點 這邊 有沒有過第一根高點 如果有過的話 直接做切入 了解我意思嗎 這邊也是 有過高點有突破 就做切入 再來穩健的朋友很簡單 等第二或第三根的5ma靠攏的時候 你在這個5ma的位置做切入 你會發現 股價跌到這個5ma的地方的時候 會有大量的一個買盤 ,auto,,
ch6-2.txt,91,例如出量,,????-06-22,,出量,盤中 等一下 讓它跑一下 對 Ok來了 出現了 然後你這個地方 它盤中盤後也有些許的不同 它會有一點不同 有點不同 所以你盤中盤後都可以去看 了解我意思嗎 Ok 我們這邊就先用盤後的模式 去做 好 來這個地方我們看一下 你選出來之後 篩出來之後 你必須要 你不是每一檔都要買 你必須要加入什麼 人工的判斷 什麼判斷 就像是我們剛剛講到的 盤勢的狀況 今天適不適合 懂意思嗎 例如出量 今天這檔標的它出,auto,,
ch6-2.txt,92,今天這檔標的它出量,,????-06-22,,出量,對 Ok來了 出現了 然後你這個地方 它盤中盤後也有些許的不同 它會有一點不同 有點不同 所以你盤中盤後都可以去看 了解我意思嗎 Ok 我們這邊就先用盤後的模式 去做 好 來這個地方我們看一下 你選出來之後 篩出來之後 你必須要 你不是每一檔都要買 你必須要加入什麼 人工的判斷 什麼判斷 就像是我們剛剛講到的 盤勢的狀況 今天適不適合 懂意思嗎 例如出量 今天這檔標的它出量 比前一天量增 叫做出量,auto,,
ch6-2.txt,93,比前一天量增 叫做出量 對不對,,????-06-22,,出量,然後你這個地方 它盤中盤後也有些許的不同 它會有一點不同 有點不同 所以你盤中盤後都可以去看 了解我意思嗎 Ok 我們這邊就先用盤後的模式 去做 好 來這個地方我們看一下 你選出來之後 篩出來之後 你必須要 你不是每一檔都要買 你必須要加入什麼 人工的判斷 什麼判斷 就像是我們剛剛講到的 盤勢的狀況 今天適不適合 懂意思嗎 例如出量 今天這檔標的它出量 比前一天量增 叫做出量 對不對 然後紅K站上,auto,,
ch6-2.txt,128,出量站上這一個上軌 對不對,,,,出量,好 再來這一個也是一樣 我們在尾盤的時候 等一下 這樣子 這檔其實也還好 為什麼 它有被這個上軌 下面這個K棒有被切到 這邊其實可以發現到 這個這幾天都是鋼鐵股 全部都鋼鐵股 沒辦法到尾盤 早盤就鎖死了 對不對 那我們就跳過 這也是 很常會發生早盤已經鎖死了 因為我們這個策略就是已非常強勢的一個狀況 好 再來這邊 出量站上這一個上軌 對不對 隔天開高 這個地方收838 838隔天開837 383隔,auto,,
ch6-2.txt,279,然後出量了,,,,出量,就會是你另外一部位  要去做的防守了 清楚嗎 這兩個差別很簡單 這個跳空開高 這個沒有 它有了 抱歉 這個是有的 它有開在高點這個位置 只不過它往下走了 但是我要講的是 後續你要觀察這5分K 它都有守住第一根5分K的低點 它就有機會往上走 其實這個跟我們這一個當沖 第五單元的教學的東西 內容非常類似 懂意思嗎 你會發現 這個區間怎麼都沒有跌破 然後出量了 出量過了這一個第一根5分K的高點 對不對 ,auto,,
ch6-2.txt,280,出量過了這一個第一根5分K的高點,,,,出量,要去做的防守了 清楚嗎 這兩個差別很簡單 這個跳空開高 這個沒有 它有了 抱歉 這個是有的 它有開在高點這個位置 只不過它往下走了 但是我要講的是 後續你要觀察這5分K 它都有守住第一根5分K的低點 它就有機會往上走 其實這個跟我們這一個當沖 第五單元的教學的東西 內容非常類似 懂意思嗎 你會發現 這個區間怎麼都沒有跌破 然後出量了 出量過了這一個第一根5分K的高點 對不對 出量過了第一根5分K的,auto,,
ch6-2.txt,282,出量過了第一根5分K的高點,,,,出量,它有了 抱歉 這個是有的 它有開在高點這個位置 只不過它往下走了 但是我要講的是 後續你要觀察這5分K 它都有守住第一根5分K的低點 它就有機會往上走 其實這個跟我們這一個當沖 第五單元的教學的東西 內容非常類似 懂意思嗎 你會發現 這個區間怎麼都沒有跌破 然後出量了 出量過了這一個第一根5分K的高點 對不對 出量過了第一根5分K的高點 你這樣子看來 你可不可以用第五單元我們所教的那個部分 做加碼,auto,,
ch6-2.txt,293,就等待 等到它出量,,,,出量,這個區間怎麼都沒有跌破 然後出量了 出量過了這一個第一根5分K的高點 對不對 出量過了第一根5分K的高點 你這樣子看來 你可不可以用第五單元我們所教的那個部分 做加碼 或者是你就可以直接把它切換成什麼 當沖的切入的模式 這樣子的形態 是走的相當的漂亮 同學們 這樣子的樣子走的相當的漂亮 第一根5分K都有守住 低點都有守住 然後一直沿在均線 等待 它沒有破第一根5分K低點 就等待 等到它出量 出量往,auto,,
ch6-2.txt,294,出量往上攻擊 過了這一個第一根5分K的高點的時候,,,,出量,然後出量了 出量過了這一個第一根5分K的高點 對不對 出量過了第一根5分K的高點 你這樣子看來 你可不可以用第五單元我們所教的那個部分 做加碼 或者是你就可以直接把它切換成什麼 當沖的切入的模式 這樣子的形態 是走的相當的漂亮 同學們 這樣子的樣子走的相當的漂亮 第一根5分K都有守住 低點都有守住 然後一直沿在均線 等待 它沒有破第一根5分K低點 就等待 等到它出量 出量往上攻擊 過了這一個第一根,auto,,
ch6-2.txt,344,然後這邊出量突破第一根5分K高點,,,,出量,這個部分算是一個 進階的 融合了當沖 隔日沖 整個進階的一個操作 思維裡面你要去做轉換 這個部分 你要重複去聽 然後去做一個實戰的模擬 模擬實戰 模擬考的概念 多觀察 多找標的去做觀察 清楚我意思嗎 有分三種情況 第一種跳空上來之後 後續弱掉 15分鐘沒有攻擊上去 第二種情況是 一直都守著什麼 第一根5分K的低點 然後這邊出量突破第一根5分K高點 然後做加碼 或做這一個切入 新增單量切入 或者是很,auto,,
ch7-1.txt,50,大量低點可能在50塊,,,,大量,你還是要進去搶 這種就代表什麼 你不知道風險在哪裡 我擔心你可能會聽不懂 所以用這種具體的 具體的一個說明 讓你知道這是什麼意思 Ok 投資股票進場前 必須要確認當前股價與停損點的距離 你是否能接受 重點在哪邊 你必須在進場前 你要先知道停損在哪邊 這是第一步驟 假設有一檔標的 現在可能60塊 但是你是設好的停損點 我們停損點有非常多的教學 對不對 你停損點 我們判斷一下 大量低點可能在50塊 中,auto,,
ch7-1.txt,54,不管是大量低點在50塊,,,,大量,具體的一個說明 讓你知道這是什麼意思 Ok 投資股票進場前 必須要確認當前股價與停損點的距離 你是否能接受 重點在哪邊 你必須在進場前 你要先知道停損在哪邊 這是第一步驟 假設有一檔標的 現在可能60塊 但是你是設好的停損點 我們停損點有非常多的教學 對不對 你停損點 我們判斷一下 大量低點可能在50塊 中間差了多少 這中間差了十塊錢 你要判斷一下 你能不能接受 不管是大量低點在50塊 還是月K ,auto,,
ch7-1.txt,79,大量低點,,,,大量,你先設定這個停損點 這個支撐在50塊 當股價越靠近這個位置的時候 可能55 你的這個距離 停損距離就差5塊了 你可能到52 你的這個位置就差2塊 你的風報比 上放空間就會變大 了解我意思嗎 就依照我們剛剛上述所有單元的教學 你去判斷我們這個支撐怎麼樣去抓 停損怎麼樣去抓 了解我意思嗎 Ok 再來 延續剛剛講的風報比 我們教學的關鍵支撐有什麼 大量低點 慣性均線 缺口支撐 轉強K棒低點 所以我們設定,auto,,
ch7-1.txt,90,我們講到大量,,,,大量,停損怎麼樣去抓 了解我意思嗎 Ok 再來 延續剛剛講的風報比 我們教學的關鍵支撐有什麼 大量低點 慣性均線 缺口支撐 轉強K棒低點 所以我們設定關鍵支撐當作我們的停損點 再離停損支撐的位置很近的時候 進行切入 上方的空間獲利就變大 勝率自然會提升 但是股票市場沒有絕對 只有機率的高低 這邊舉個例子 比方說這一檔 我們講到大量 大量的缺口 你在越靠近這個缺口的上緣 我們可以在這個地方 量縮切入 對不,auto,,
ch7-1.txt,91,大量的缺口,,,,大量,了解我意思嗎 Ok 再來 延續剛剛講的風報比 我們教學的關鍵支撐有什麼 大量低點 慣性均線 缺口支撐 轉強K棒低點 所以我們設定關鍵支撐當作我們的停損點 再離停損支撐的位置很近的時候 進行切入 上方的空間獲利就變大 勝率自然會提升 但是股票市場沒有絕對 只有機率的高低 這邊舉個例子 比方說這一檔 我們講到大量 大量的缺口 你在越靠近這個缺口的上緣 我們可以在這個地方 量縮切入 對不對 那你上方的空,auto,,
ch7-3.txt,16,個股前一天 出量K棒實紅收最高,,,,出量,好 7-3 最重要 我覺得是非常重要的一節 如何判斷主力意圖 這一個是非常實際實用 真的是驗證過非常多次的一個心態 如果你是老戰友的 有訂閱的朋友 你應該知道這個東西 收高開低 你說好不好用 非常的驗證 我不能說好用 就非常可以拿去驗證的東西 了解我意思嗎 基本上我們這邊的學員 都已經有做了這個反射的動作了 來 定義一下 個股前一天 出量K棒實紅收最高 或者是收相對高點 實紅出量這樣子 就是很厲害,auto,,
ch7-3.txt,18,實紅出量這樣子,,,,出量,如何判斷主力意圖 這一個是非常實際實用 真的是驗證過非常多次的一個心態 如果你是老戰友的 有訂閱的朋友 你應該知道這個東西 收高開低 你說好不好用 非常的驗證 我不能說好用 就非常可以拿去驗證的東西 了解我意思嗎 基本上我們這邊的學員 都已經有做了這個反射的動作了 來 定義一下 個股前一天 出量K棒實紅收最高 或者是收相對高點 實紅出量這樣子 就是很厲害的一個K棒型態 次日如果出現開平盤 甚至開綠,auto,,
ch7-3.txt,115,大量低點都跌破了,,,1612.0,大量,我們要承擔什麼 就是不去承擔中間的風險 好 來 和大家說明 這個收高開低的案例 這一天 非常強 在1612宏泰 非常強收漲停 隔天居然開綠 我們不看這後面的 我們不用看後面的 為什麼 後面這是事後的 最後的現象 只是它  我們要知道什麼 它隔天是開綠的 開在這個位置 沒有問題 Ok 開綠之後 一路直接往下殺 殺一根 把昨天前一天的低點 這個這麼強的前一天低點 大量低點都跌破了 不打緊 繼續往下崩 ,auto,,
ch7-3.txt,115,大量低點都跌破了,,,2376.0,大量,我們要承擔什麼 就是不去承擔中間的風險 好 來 和大家說明 這個收高開低的案例 這一天 非常強 在1612宏泰 非常強收漲停 隔天居然開綠 我們不看這後面的 我們不用看後面的 為什麼 後面這是事後的 最後的現象 只是它  我們要知道什麼 它隔天是開綠的 開在這個位置 沒有問題 Ok 開綠之後 一路直接往下殺 殺一根 把昨天前一天的低點 這個這麼強的前一天低點 大量低點都跌破了 不打緊 繼續往下崩 ,auto,,
ch7-3.txt,119,收高 出量收高 收最高是非常,,,2376.0,出量,非常強收漲停 隔天居然開綠 我們不看這後面的 我們不用看後面的 為什麼 後面這是事後的 最後的現象 只是它  我們要知道什麼 它隔天是開綠的 開在這個位置 沒有問題 Ok 開綠之後 一路直接往下殺 殺一根 把昨天前一天的低點 這個這麼強的前一天低點 大量低點都跌破了 不打緊 繼續往下崩 大盤完全沒事  再來 技嘉 收高 出量收高 收最高是非常 出亮紅K 收最高是非常強勢的一個象徵 結果隔天開低 開,auto,,
ch7-3.txt,166,個股前一天出量黑K 實黑收最低跌停,,,,出量,這多少 差0.1 100塊你不走 這邊差0.1而已 這樣下來 現在多少 21 1塊錢不走 現在變多少 就差8000塊了 100塊不走變8000塊 收高開低 非常恐怖 華新科 這也是一樣 這就是收高然後隔天開低 開低然後也是往下 好 另外一個部分 要講收低開高 相反的思維 個股前一天出量黑K 實黑收最低跌停 甚至跌停 次日如果出現開平盤甚至開紅的狀況 稱之為收低開高 可視為什麼 轉強的訊號 它收高 ,auto,,
ch7-3.txt,179,它跌停 大量K棒跌停收最低,,,3041.0,大量,要講收低開高 相反的思維 個股前一天出量黑K 實黑收最低跌停 甚至跌停 次日如果出現開平盤甚至開紅的狀況 稱之為收低開高 可視為什麼 轉強的訊號 它收高 這邊收低 跌停收低 對不對 結果它隔天 它沒有 為什麼 它常來講 它應該要開低下去 這沒有問題 對不對 像是這個地方 同學們就像這個地方 漲停 它隔天開高 是非常正常市場的一個共識 對不對 那在這邊一樣 它跌停 大量K棒跌停收最低 它隔天應該是開,auto,,
ch7-3.txt,205,一路往下攤 收盤大量黑K跌了8％,,,3041.0,大量,來跟大家幽默一下 來看一下喔 3041 這邊比較亂 散戶 今天帶量突破收漲停 明天全力作多 這個地方 帶量紅K收漲停 對不對 這邊出亮紅K收漲停 這邊隔天你看一下喔 它開什麼 它開平盤 記得開平盤也是很恐怖的一件事情 漲停的標的 隔天開白色開平盤 它沒有開高也是很恐怖的事情 本來要繼續做多的 看到開平盤 散戶衝進去 一路往下攤 收盤大量黑K跌了8％ 大量 又帶大量 散戶判斷怎麼樣 這檔已經掛了 執,auto,,
ch7-3.txt,206,大量 又帶大量,,,3041.0,大量,來看一下喔 3041 這邊比較亂 散戶 今天帶量突破收漲停 明天全力作多 這個地方 帶量紅K收漲停 對不對 這邊出亮紅K收漲停 這邊隔天你看一下喔 它開什麼 它開平盤 記得開平盤也是很恐怖的一件事情 漲停的標的 隔天開白色開平盤 它沒有開高也是很恐怖的事情 本來要繼續做多的 看到開平盤 散戶衝進去 一路往下攤 收盤大量黑K跌了8％ 大量 又帶大量 散戶判斷怎麼樣 這檔已經掛了 執行停損 大量黑K收,auto,,
ch7-3.txt,209,大量黑K收最低,,,,大量,明天全力作多 這個地方 帶量紅K收漲停 對不對 這邊出亮紅K收漲停 這邊隔天你看一下喔 它開什麼 它開平盤 記得開平盤也是很恐怖的一件事情 漲停的標的 隔天開白色開平盤 它沒有開高也是很恐怖的事情 本來要繼續做多的 看到開平盤 散戶衝進去 一路往下攤 收盤大量黑K跌了8％ 大量 又帶大量 散戶判斷怎麼樣 這檔已經掛了 執行停損 大量黑K收最低 是非常難看的現象 結果隔天 開高 這三張圖就包含了收高,auto,,
ex1-1.txt,147,"06:36,成交量放小 去抓出量出方向的機會",,,,出量,"05:47,股價前一波必須要有攻擊過 05:51,它必須要有攻擊過 05:52,股價搭配成交量 05:55,有攻擊過 才會出現什麼 主力的進貨量 06:01,清楚意思嗎 06:04,股價的拉抬 一定是靠主力的進貨 06:08,上漲的階段 06:10,你絕對可以看到下面成交量絕對是放大的 06:15,我們要抓的就是回跌 06:17,或者是價格平穩的時候 06:19,它的這個成交量 06:22,有沒有",auto,,
ex1-1.txt,163,"07:20,上漲爆量之後 下跌又沒量了",,,,爆量,"06:43,我們用一個簡單的圖 06:46,在開始第二節 06:46,我們先用簡單的圖來看一下 06:48,你看一下 從這邊 06:50,同致 在50塊的時候成交量 06:52,第一次放大 06:53,攻擊放大 有沒有 06:56,往上攻擊的時候 成交量出來 06:59,往下縮的時候 成交量放小 07:03,再次攻擊的時候 成交量要出來 07:05,有沒有覺得這個跟我們在第二節的時候 07:09,",auto,,
ex1-1.txt,165,"07:26,平穩 出量 這個地方往上走一點",,,,出量,"06:46,我們先用簡單的圖來看一下 06:48,你看一下 從這邊 06:50,同致 在50塊的時候成交量 06:52,第一次放大 06:53,攻擊放大 有沒有 06:56,往上攻擊的時候 成交量出來 06:59,往下縮的時候 成交量放小 07:03,再次攻擊的時候 成交量要出來 07:05,有沒有覺得這個跟我們在第二節的時候 07:09,量價關係的時候 有非常類似的圖片 07:12,沒錯 同學們",auto,,
ex1-1.txt,168,"07:37,出量再慢慢往上走",,,,出量,"06:52,第一次放大 06:53,攻擊放大 有沒有 06:56,往上攻擊的時候 成交量出來 06:59,往下縮的時候 成交量放小 07:03,再次攻擊的時候 成交量要出來 07:05,有沒有覺得這個跟我們在第二節的時候 07:09,量價關係的時候 有非常類似的圖片 07:12,沒錯 同學們 07:15,股價大多頭上漲的時候就是 07:18,這個視野就是這樣 07:20,上漲爆量之後 下跌又沒量了",auto,,
ex1-1.txt,170,"07:42,出量又拉回",,,,出量,"06:56,往上攻擊的時候 成交量出來 06:59,往下縮的時候 成交量放小 07:03,再次攻擊的時候 成交量要出來 07:05,有沒有覺得這個跟我們在第二節的時候 07:09,量價關係的時候 有非常類似的圖片 07:12,沒錯 同學們 07:15,股價大多頭上漲的時候就是 07:18,這個視野就是這樣 07:20,上漲爆量之後 下跌又沒量了 07:23,但是價格平穩 07:26,平穩 出量 這",auto,,
ex1-1.txt,176,"07:56,這邊出量 股價又橫盤整理",,,,出量,"07:15,股價大多頭上漲的時候就是 07:18,這個視野就是這樣 07:20,上漲爆量之後 下跌又沒量了 07:23,但是價格平穩 07:26,平穩 出量 這個地方往上走一點  07:30,往下跌 搭配成交量非常萎縮 07:34,但是價格沒有往下因此崩跌 07:37,出量再慢慢往上走 07:38,這邊一樣也是都是在橫盤整理 07:42,出量又拉回 07:44,拉一下回一下 07:48,這邊就更明",auto,,
ex1-2.txt,16,"00:39,小於20日內最大量的10％",,,,大量,"00:00,第二節 00:01,高勝率窒息量參數設定 00:05,我覺得 我會認為說 00:07,你這整個單元 注意聽喔 00:11,最重要的其實就是這一節 00:14,不管前面你了解的原理 00:16,加上後面我們用個案帶入 00:18,重點全部都是在這一節裡面 00:21,所以同學們你要注意聽喔 好嗎 00:24,1-2  窒息量策略SOP 00:28,第一個條件 成交量 00:30,我們說窒",auto,,
ex1-2.txt,23,"01:07,小於20日內最大量的10%",,,,大量,"00:18,重點全部都是在這一節裡面 00:21,所以同學們你要注意聽喔 好嗎 00:24,1-2  窒息量策略SOP 00:28,第一個條件 成交量 00:30,我們說窒息量 00:32,最重要的是什麼 就是成交量 00:34,好 這個部分你要注意了 00:36,目前股價 00:39,小於20日內最大量的10％ 00:45,目前股價的成交量 應該這個地方是要講說 00:49,當前目前股價你對照它",auto,,
ex1-2.txt,26,"01:21,假設20日內的最大量",,,,大量,"00:28,第一個條件 成交量 00:30,我們說窒息量 00:32,最重要的是什麼 就是成交量 00:34,好 這個部分你要注意了 00:36,目前股價 00:39,小於20日內最大量的10％ 00:45,目前股價的成交量 應該這個地方是要講說 00:49,當前目前股價你對照它的成交量 00:54,這邊注意聽 你這個地方可能會看不懂 00:57,但是很簡單就是 00:58,目前這一天的股價 01",auto,,
ex1-2.txt,30,"01:33,反正就是你20日內抓的最大量",,,,大量,"00:36,目前股價 00:39,小於20日內最大量的10％ 00:45,目前股價的成交量 應該這個地方是要講說 00:49,當前目前股價你對照它的成交量 00:54,這邊注意聽 你這個地方可能會看不懂 00:57,但是很簡單就是 00:58,目前這一天的股價 01:01,所搭配下面的成交量 01:07,小於20日內最大量的10% 01:16,來 這邊注意聽 01:18,假設 這邊帶案例 01:2",auto,,
ex1-2.txt,32,"01:41,小於最大量的10％什麼意思",,,,大量,"00:45,目前股價的成交量 應該這個地方是要講說 00:49,當前目前股價你對照它的成交量 00:54,這邊注意聽 你這個地方可能會看不懂 00:57,但是很簡單就是 00:58,目前這一天的股價 01:01,所搭配下面的成交量 01:07,小於20日內最大量的10% 01:16,來 這邊注意聽 01:18,假設 這邊帶案例 01:21,假設20日內的最大量 01:24,它這個地方是20000 ",auto,,
ex1-2.txt,42,"02:14,要小於20天內最大量的10％",,,,大量,"01:24,它這個地方是20000 01:27,我們就當作是20000張 好不好隨便  01:29,就是你可以設定10000張 20000張 40000張都可以 01:33,反正就是你20日內抓的最大量 01:37,假設這邊是20000張 好 01:41,小於最大量的10％什麼意思 01:44,今天的股價搭配的成交量 01:47,它的成交量要小於這個的10% 01:52,很簡單 那就是小於2000",auto,,
ex1-2.txt,44,"02:34,我們先找到了20天內最大量是20000張",,,,大量,"01:29,就是你可以設定10000張 20000張 40000張都可以 01:33,反正就是你20日內抓的最大量 01:37,假設這邊是20000張 好 01:41,小於最大量的10％什麼意思 01:44,今天的股價搭配的成交量 01:47,它的成交量要小於這個的10% 01:52,很簡單 那就是小於2000張 01:55,就符合我們第一部分了 01:58,了解我意思嗎 01:59,你不用看這好",auto,,
ex1-2.txt,45,"02:38,它要小於這天最大量的10％",,,,大量,"01:33,反正就是你20日內抓的最大量 01:37,假設這邊是20000張 好 01:41,小於最大量的10％什麼意思 01:44,今天的股價搭配的成交量 01:47,它的成交量要小於這個的10% 01:52,很簡單 那就是小於2000張 01:55,就符合我們第一部分了 01:58,了解我意思嗎 01:59,你不用看這好像有點奇怪 就是有點看不懂 02:03,我這邊直接帶案例給你 02:06,",auto,,
ex1-2.txt,89,"04:35,窒息量後一根K棒 如果出量",,,,出量,"03:56,均線能越符合我們技術面越好 04:01,我們技術面要求是什麼 04:02,5 10 20 04:05,這是基本理想 更理想是什麼 04:07,60 這沒有問題 04:10,記得以後你就把這個三條線 04:12,一起來看就行了 04:14,這是理想搭配什麼 04:18,超理想 04:21,了解我意思嗎 OK 04:24,月線必須要上彎 04:25,第一個部分 04:28,成交量符合了 0",auto,,
ex1-2.txt,91,"04:41,以此根出量K棒的低點去做防守",,,,出量,"04:02,5 10 20 04:05,這是基本理想 更理想是什麼 04:07,60 這沒有問題 04:10,記得以後你就把這個三條線 04:12,一起來看就行了 04:14,這是理想搭配什麼 04:18,超理想 04:21,了解我意思嗎 OK 04:24,月線必須要上彎 04:25,第一個部分 04:28,成交量符合了 04:29,確定一下你就切月線出來看 04:33,再來第三個 04:35,窒",auto,,
ex1-2.txt,92,"04:45,我們記得窒息量出量之後",,,,出量,"04:05,這是基本理想 更理想是什麼 04:07,60 這沒有問題 04:10,記得以後你就把這個三條線 04:12,一起來看就行了 04:14,這是理想搭配什麼 04:18,超理想 04:21,了解我意思嗎 OK 04:24,月線必須要上彎 04:25,第一個部分 04:28,成交量符合了 04:29,確定一下你就切月線出來看 04:33,再來第三個 04:35,窒息量後一根K棒 如果出量 0",auto,,
ex1-2.txt,93,"04:51,就會用出量這一根的K棒的低點去做防守",,,,出量,"04:07,60 這沒有問題 04:10,記得以後你就把這個三條線 04:12,一起來看就行了 04:14,這是理想搭配什麼 04:18,超理想 04:21,了解我意思嗎 OK 04:24,月線必須要上彎 04:25,第一個部分 04:28,成交量符合了 04:29,確定一下你就切月線出來看 04:33,再來第三個 04:35,窒息量後一根K棒 如果出量 04:39,這邊已經符合 04:41,以此",auto,,
ex1-2.txt,115,"05:44,下影線一定要是比這個實體的部分長的出量",,,,出量,"05:12,只要是紅K 就可以 05:16,你也可以是這樣子 等等的 05:19,當然這種當然是不好看 05:22,上影線比較長 當然就不好看 05:24,最好是實體的 了解我意思嗎 05:25,實體加一點上影線 05:27,或者是 05:28,紅K大一點 下影線 這都可以 05:30,搭配下面成交量是大的 05:33,了解我意思嗎 好 05:34,那綠K呢 05:37,綠K不能是這樣 05:39",auto,,
ex1-2.txt,117,"05:52,再來出量的定義是什麼",,,,出量,"05:19,當然這種當然是不好看 05:22,上影線比較長 當然就不好看 05:24,最好是實體的 了解我意思嗎 05:25,實體加一點上影線 05:27,或者是 05:28,紅K大一點 下影線 這都可以 05:30,搭配下面成交量是大的 05:33,了解我意思嗎 好 05:34,那綠K呢 05:37,綠K不能是這樣 05:39,實體綠K 05:41,它可以是這樣 05:42,長的下影線 05:4",auto,,
ex1-2.txt,118,"05:55,比前一根的窒息量多 就叫出量的定義了",,,,出量,"05:22,上影線比較長 當然就不好看 05:24,最好是實體的 了解我意思嗎 05:25,實體加一點上影線 05:27,或者是 05:28,紅K大一點 下影線 這都可以 05:30,搭配下面成交量是大的 05:33,了解我意思嗎 好 05:34,那綠K呢 05:37,綠K不能是這樣 05:39,實體綠K 05:41,它可以是這樣 05:42,長的下影線 05:44,下影線一定要是比這個實體的部分",auto,,
ex1-3.txt,12,"00:35,上升月線出現窒息量 成交量小於一個月內的大量的10%",,????-12-30,3533.0,大量,"00:00,1-3 窒息量進出實戰應用 00:04,這邊廢話不多說 直接幫大家帶案例 00:07,第一檔 00:08,3533的這個嘉澤 00:12,看一下我們這邊就是還原 00:15,還原當初的樣子 00:17,我相信這一個有訂閱的朋友 應該都非常的清楚 00:22,我們在今年還有去年 00:24,其實都一直有在做這個窒息量的這個策略 00:29,我幫大家去選這個東西 00:31,那這是去年有選",auto,,
ex1-3.txt,19,"01:05,就一個月內最大量",,????-12-30,3533.0,大量,"00:08,3533的這個嘉澤 00:12,看一下我們這邊就是還原 00:15,還原當初的樣子 00:17,我相信這一個有訂閱的朋友 應該都非常的清楚 00:22,我們在今年還有去年 00:24,其實都一直有在做這個窒息量的這個策略 00:29,我幫大家去選這個東西 00:31,那這是去年有選到的一檔 有寫出來 對不對 00:35,上升月線出現窒息量 成交量小於一個月內的大量的10% 00:43,",auto,,
ex1-3.txt,33,"01:46,後一根是出量沒有錯",,????-12-30,,出量,"01:01,2 4 6 8 10 12 14 16 對這是就20天內 01:05,就一個月內最大量 01:08,這一看就知道 一定是小於10％的 01:10,這絕對有小於 我們用這個肉眼應該就看得出來 01:14,當然如果你想要去還原的話也可以 01:16,你可以去看這個 12月30號  01:18,去年12月30號的這個位置 好不好 01:22,它的均線 除了這個月線 01:25,5日線還有10",auto,,
ex1-3.txt,39,"02:02,出了大量",,????-12-30,,大量,"01:18,去年12月30號的這個位置 好不好 01:22,它的均線 除了這個月線 01:25,5日線還有10日線也搭配的非常的漂亮 01:28,所以當初就有看到這個地方 01:31,好 那當然我們這個月線最基本的 01:34,你把這個5日線 10日線切進來 01:36,你會發現這檔很漂亮 01:40,好 下一根來 01:41,這個部分就是不符合我們的策略 為什麼 01:46,後一根是出量沒有錯 ",auto,,
ex1-3.txt,40,"02:04,出量拉一根紅K出來 這個地方切入",,,,出量,"01:22,它的均線 除了這個月線 01:25,5日線還有10日線也搭配的非常的漂亮 01:28,所以當初就有看到這個地方 01:31,好 那當然我們這個月線最基本的 01:34,你把這個5日線 10日線切進來 01:36,你會發現這檔很漂亮 01:40,好 下一根來 01:41,這個部分就是不符合我們的策略 為什麼 01:46,後一根是出量沒有錯 01:48,但是是實體的黑K 所以不進場 01:",auto,,
ex1-3.txt,41,"02:09,又過了這個出量黑K的高點",,,,出量,"01:25,5日線還有10日線也搭配的非常的漂亮 01:28,所以當初就有看到這個地方 01:31,好 那當然我們這個月線最基本的 01:34,你把這個5日線 10日線切進來 01:36,你會發現這檔很漂亮 01:40,好 下一根來 01:41,這個部分就是不符合我們的策略 為什麼 01:46,後一根是出量沒有錯 01:48,但是是實體的黑K 所以不進場 01:54,要再等一下 01:55,我覺得",auto,,
ex1-3.txt,63,"03:12,窒息量後出量K棒",,,,出量,"02:25,一個月去確定它到底有沒有一個我進場切入的機會 02:30,了解我意思嗎 02:31,同學們記得你看股票 02:32,你千萬不要選到它之後 02:34,你隔一天沒有發動就丟掉它了 02:36,千萬不要這樣做 為什麼 02:37,因為它可能在接下來的 02:39,兩個禮拜 三個禮拜會排好 整理好 02:44,到你想要 我想要 大家都想要的一個樣子 02:49,未來兩、三個禮拜 籌碼會發生什",auto,,
ex1-3.txt,72,"03:36,教過這個 黑K 大量黑K的高點絕對會是壓力",,,,大量,"02:49,未來兩、三個禮拜 籌碼會發生什麼變化不知道 02:52,新聞會有什麼變化 題材會有什麼變化 不知道 02:58,重點是線型最後排成什麼樣子 03:02,也有它的一個參考的價值 03:06,好 這個地方切入進場 對不對 03:10,下一根 03:12,窒息量後出量K棒 03:14,以紅K的低點做防守 03:16,很明顯可以看到隔一天 03:18,還有往下踩一波 有沒有 03:22,還有往",auto,,
ex1-3.txt,77,"03:50,千萬不要小看出量黑K的一個威力",,,,出量,"03:10,下一根 03:12,窒息量後出量K棒 03:14,以紅K的低點做防守 03:16,很明顯可以看到隔一天 03:18,還有往下踩一波 有沒有 03:22,還有往下踩一次 03:24,這邊額外另外的跟各位做教學 為什麼呢 03:27,非常的簡單 03:29,這個地方我們之前還記不記得 03:34,在第二單元的時候 03:36,教過這個 黑K 大量黑K的高點絕對會是壓力 03:41,它只要上",auto,,
ex1-3.txt,95,"04:49,防出量紅K的那根低點 你就會知道",,,,出量,"04:00,一上來 馬上就下去 04:07,這邊全部伴隨著上影線 04:10,好 包含這一次 真的攻擊到最高點了 04:13,拉一根下去 04:14,但是我們的策略是怎麼樣 04:16,這個地方 守這一根的低點 04:21,對不對 那你也可以發現 04:23,它量縮有守住  04:24,隔一天你這個地方是不是可以伺機的去做一個加碼 04:29,非常簡單 為什麼 04:30,因為窒息量它的好處跟各位",auto,,
ex1-3.txt,100,"05:04,窒息量出量 出方向 低點做防守",,,,出量,"04:16,這個地方 守這一根的低點 04:21,對不對 那你也可以發現 04:23,它量縮有守住  04:24,隔一天你這個地方是不是可以伺機的去做一個加碼 04:29,非常簡單 為什麼 04:30,因為窒息量它的好處跟各位講 04:35,就是它非常好防守 04:39,它只要一符合我教的這個SOP的時候 04:43,這邊 它只要一符合我們這邊SOP的話 04:46,它會變得非常好防守 你只要去防",auto,,
ex1-3.txt,132,"06:44,成交量小於1個月內大量的10％",,????-03-10,8150.0,大量,"06:01,我覺得是你應得的 06:04,了解我意思嗎 06:06,可以在短時間內有這樣子的獲利 06:10,其實真的不錯 06:13,了解我意思嗎 06:13,但是窒息量就是需要耐心 它耐心出來的 06:18,就是讓你有高額的這一個獲利 06:20,就是讓你有這個 比較短線的獲利 06:23,當然如果後面一直沒有這一個出場訊號 06:26,你說不定就可以抱著一個很大的一個波段 06:30,了解意",auto,,
ex1-3.txt,145,"07:22,前面出量的進貨量的拉回 這是我們要的",,????-03-10,,出量,"06:39,一樣喔 全部都是上升月線 06:42,出現窒息量 06:44,成交量小於1個月內大量的10％ 06:49,來 看一下 06:51,第一波攻擊 對不對 06:56,壓回 07:00,再來看一下 07:02,我們用肉眼看一下 是不是10等份 07:04,一定是小於10％的 07:05,這個地方你可以回去看 07:07,這個資料都可以回測 07:09,你可以看這個3月10號  今年我們有看到",auto,,
ex1-3.txt,148,"07:32,下一根馬上出量紅K 在這天尾盤切入",,????-03-10,,出量,"06:49,來 看一下 06:51,第一波攻擊 對不對 06:56,壓回 07:00,再來看一下 07:02,我們用肉眼看一下 是不是10等份 07:04,一定是小於10％的 07:05,這個地方你可以回去看 07:07,這個資料都可以回測 07:09,你可以看這個3月10號  今年我們有看到這一檔的 對不對 07:14,也有分享出來 07:15,到這個月線的窒息量了 07:20,記得一定要有這種",auto,,
ex1-3.txt,149,"07:40,後一根出量紅K進場 以此根K棒的低點做停損",,????-03-10,,出量,"06:51,第一波攻擊 對不對 06:56,壓回 07:00,再來看一下 07:02,我們用肉眼看一下 是不是10等份 07:04,一定是小於10％的 07:05,這個地方你可以回去看 07:07,這個資料都可以回測 07:09,你可以看這個3月10號  今年我們有看到這一檔的 對不對 07:14,也有分享出來 07:15,到這個月線的窒息量了 07:20,記得一定要有這種 07:22,前面出量的",auto,,
ex1-3.txt,218,"11:19,成交量小一個月內最大量的10％",,,6284.0,大量,"10:26,你的停損是0.6 10:31,但是你這一波上來 5天的時間 10:34,就賺了整整8塊錢 10:39,600塊去換8000塊 一張 10:44,好 這是南茂 10:48,重點是這邊的邏輯你要了解 10:50,邏輯要了解 懂嗎 10:51,這地方窒息量 主力籌碼真的賣不下去了 10:57,他可能真的就是 再下去就已經非常少了 了解意思嗎 11:01,OK 好 11:05,第三檔 11:0",auto,,
ex1-3.txt,218,"11:19,成交量小一個月內最大量的10％",,,8150.0,大量,"10:26,你的停損是0.6 10:31,但是你這一波上來 5天的時間 10:34,就賺了整整8塊錢 10:39,600塊去換8000塊 一張 10:44,好 這是南茂 10:48,重點是這邊的邏輯你要了解 10:50,邏輯要了解 懂嗎 10:51,這地方窒息量 主力籌碼真的賣不下去了 10:57,他可能真的就是 再下去就已經非常少了 了解意思嗎 11:01,OK 好 11:05,第三檔 11:0",auto,,
ex1-3.txt,231,"12:08,一定要等它出量出方向的時候",,,,出量,"11:11,其實平常都沒有好好的時間跟大家說明 11:16,好來一樣 上升月線出現窒息量 11:19,成交量小一個月內最大量的10％ 11:22,這邊可能拉的比較遠一點 11:26,但是你可以明顯看到 11:28,下來一波 直接這樣最底了 11:35,它成交量已經沒辦法再往下了 11:39,它不可能一個成交 11:40,這個原本這個幾萬張的量 11:46,最後變到一兩張 不可能的事情 了解我意思嗎",auto,,
ex1-3.txt,235,"12:22,窒息量後一根出量的紅K 搭配月線上彎",,,,出量,"11:26,但是你可以明顯看到 11:28,下來一波 直接這樣最底了 11:35,它成交量已經沒辦法再往下了 11:39,它不可能一個成交 11:40,這個原本這個幾萬張的量 11:46,最後變到一兩張 不可能的事情 了解我意思嗎 11:52,它一定會有成交量的 11:54,就是這個進貨還有主力籌碼的一個基本的道理 12:01,這一天還不確定 還不能確定 為什麼 12:03,我們不會在窒息量那一天",auto,,
ex1-3.txt,325,"17:12,出量的 雖然沒有比前一根量增 但是它至少是出量",,????-12-24,1590.0,出量,"16:21,不用先進去 你隔天要注意它 16:23,它那天放量 就是它要攻擊的時候了 16:28,了解我意思嗎 OK 16:31,好這地方 48塊 16:36,這邊後續你看 48塊到92 16:40,這個地方 應該是80% 16:43,應該是80幾％了 對不對 16:45,96 是100％ 16:47,我們就算45進去 16:50,在這個地方已經100%了 16:53,你看這個中間都沒有出場的訊號",auto,,
ex1-3.txt,326,"17:17,跟前一天這種大量差不多 然後跌破這個低點 對不對",,????-12-24,1590.0,大量,"16:23,它那天放量 就是它要攻擊的時候了 16:28,了解我意思嗎 OK 16:31,好這地方 48塊 16:36,這邊後續你看 48塊到92 16:40,這個地方 應該是80% 16:43,應該是80幾％了 對不對 16:45,96 是100％ 16:47,我們就算45進去 16:50,在這個地方已經100%了 16:53,你看這個中間都沒有出場的訊號 16:59,黑K 大黑K  灌破前一天",auto,,
ex1-3.txt,327,"17:21,出量其實這個是每天的這個教學 會去講的",,????-12-24,1590.0,出量,"16:28,了解我意思嗎 OK 16:31,好這地方 48塊 16:36,這邊後續你看 48塊到92 16:40,這個地方 應該是80% 16:43,應該是80幾％了 對不對 16:45,96 是100％ 16:47,我們就算45進去 16:50,在這個地方已經100%了 16:53,你看這個中間都沒有出場的訊號 16:59,黑K 大黑K  灌破前一天的紅K 17:01,這最基本的出場訊號 沒有 ",auto,,
ex1-3.txt,335,"17:49,沒達到大量的10％",,????-12-24,1500.0,大量,"16:53,你看這個中間都沒有出場的訊號 16:59,黑K 大黑K  灌破前一天的紅K 17:01,這最基本的出場訊號 沒有 17:04,一路拉抬 直到這一天 17:08,我可以比較確定了 它可能短線需要整理一下了 17:12,出量的 雖然沒有比前一根量增 但是它至少是出量 17:17,跟前一天這種大量差不多 然後跌破這個低點 對不對 17:21,出量其實這個是每天的這個教學 會去講的 17:25",auto,,
ex1-3.txt,335,"17:49,沒達到大量的10％",,????-12-24,1590.0,大量,"16:53,你看這個中間都沒有出場的訊號 16:59,黑K 大黑K  灌破前一天的紅K 17:01,這最基本的出場訊號 沒有 17:04,一路拉抬 直到這一天 17:08,我可以比較確定了 它可能短線需要整理一下了 17:12,出量的 雖然沒有比前一根量增 但是它至少是出量 17:17,跟前一天這種大量差不多 然後跌破這個低點 對不對 17:21,出量其實這個是每天的這個教學 會去講的 17:25",auto,,
ex1-3.txt,357,"18:59,拉一根出來之後 出量拉一根出來之後 有沒有",,,1500.0,出量,"18:09,一個弧拉上去 18:12,這是題外話 那但是你要看一下 18:17,雖然這個很漂亮 但是你要看一下 18:19,它有沒有符合我們這個10% 你可以去看 18:21,這邊179 我記得這個地方有超過10％ 18:27,它沒有10％內 就是這一根 18:30,簡單來講就是這一根去乘以10 18:34,這邊好像是 忘記 1500  18:38,但是沒有在10%以內 18:40,179就明顯超",auto,,
ex1-3.txt,362,"19:12,絕對要盯好它 它只要一出量紅K",,,1500.0,出量,"18:27,它沒有10％內 就是這一根 18:30,簡單來講就是這一根去乘以10 18:34,這邊好像是 忘記 1500  18:38,但是沒有在10%以內 18:40,179就明顯超過這一個150 18:44,這個數理大家應該沒有問題 18:48,再多等一天 還可以再更低 18:52,這很誇張 對不對同學 18:55,還可以再比這一根還更低 18:57,你看這多漂亮啊 18:59,拉一根出來之後",auto,,
ex1-3.txt,368,"19:32,有兩種情況 紅K出量或者是綠K 但是是要長下影線",,,,出量,"18:48,再多等一天 還可以再更低 18:52,這很誇張 對不對同學 18:55,還可以再比這一根還更低 18:57,你看這多漂亮啊 18:59,拉一根出來之後 出量拉一根出來之後 有沒有 19:02,後面的這個多漂亮 19:04,這個一個一直往下縮 19:07,搭配我們月線上揚 19:09,好 隔天一定要盯好它 19:12,絕對要盯好它 它只要一出量紅K 19:15,那就是非常好防守 這一根就",auto,,
ex1-3.txt,443,"23:21,大量 很大量一直滾量上去的那一種 拉抬的",,,,大量,"22:45,會不會很困難 22:47,並沒有 對不對 22:49,只要你符合我們這個策略 22:51,我們就是用非常安全合理的這一個防守點 22:55,抓到我們合理的報酬 22:58,好 那我們下一步是什麼 23:02,我們剛剛講了這麼多 23:03,主力大你講這麼多了 23:04,好 那麼下一步是要做什麼事情 23:06,我們學起來 我們知道了 23:08,要做什麼 23:10,來 如何發現窒息",auto,,
ex1-3.txt,461,"24:26,一出量 馬上第二波就拉抬上去",,,,出量,"23:34,成交量有沒有開始放小的狀況出現 23:44,這是第一步 23:45,再來 正在拉抬中的標的  23:47,你絕對會有這種一直在滾量在往上 23:49,但是你會一直覺得說怎麼辦 23:53,沒有切入點 23:55,就是每天都一直這樣滾量 一直往上走 23:58,很簡單放入自選 等到它怎麼樣 24:01,等到它符合我們這一個SOP的時候 24:05,追蹤與等待 這是你需要的  24:10,",auto,,
ex1-3.txt,482,"25:20,隔天出量 往下衝下去",,,,出量,"24:46,月線要上彎 24:48,非常重要 24:49,去避免真的窒息了 24:52,好 這什麼意思 24:53,來 這個地方符合 24:56,跟這個地方符合的 是完全不一樣情況 25:00,為什麼 25:01,月線一個上彎 一個沒上彎 25:05,了解我意思嗎 25:07,它這邊符合之後 25:08,應該說這邊 我們先看這邊 25:10,這邊符合之後 隔天拉出去 對不對 25:15,好 25:",auto,,
ex2-1.txt,234,什麼意思 就是大量買進一些標的,,,,大量,這種東西就知道 蠻有趣的 再來下一個 投信的習性 投信經理人就是我們剛講的基金經理人 績效壓力 壓力來源在於每一季需要結算當季的操作績效 1到3月 4到6月 7到9月 10月到12月 所以基金公司 為了讓他們賣的基金 像統一或者是兆豐 我們看隨便一個 富邦等等的 他們旗下基金有成績單可以向投資人展示 然後吸引更多的投資 讓他們可以越做越大 對不對 所以會在什麼 每年的三月底 六月底 九月底 十二月,auto,,
ex2-1.txt,292,投信才大量買進的標的,,????-09-30,,大量,提前一個月 記得如果你要參與投信的作帳的話 搭上這班順風車 就是我們這個主題 投信作帳 跟他一起做 不是結帳 不要被結掉 通常會提前一個月就開始 而非等到季底的最後一週 還記得 每一季的季底 3 6 9 12 你不會等到9月30號 九月的最後一個禮拜  才開始佈局 不可能的 或者是12月的最後一個禮拜才開始佈局 不可能 因為最後一週反而有機會被投信結帳 被結帳很恐怖 他就一次倒出來這樣子 Ok 另,auto,,
ex2-2.txt,267,量縮 隔天出量,,,1700.0,出量,看它有沒有 好 沒有出現 代表說 宏捷科 這樣子 這樣一天才一檔 一天才篩出一檔而已 你會覺得這個功課對你來講很難嗎 這樣子慢慢走 十日線 有沒有 如果你是非常穩健的朋友 這個地方已經有點發散了 那等它拉回十日線 表態上去 假設你是在這個位置 十日線附近壓縮的地方 量縮 隔天出量 來這個地方 是不是也蠻像我們當時講的這一個 我們上一單元窒息量 新手看價 老手看量 然後搭配我們現在這個籌碼 高手看籌,auto,,
ex2-2.txt,267,量縮 隔天出量,,,8086.0,出量,看它有沒有 好 沒有出現 代表說 宏捷科 這樣子 這樣一天才一檔 一天才篩出一檔而已 你會覺得這個功課對你來講很難嗎 這樣子慢慢走 十日線 有沒有 如果你是非常穩健的朋友 這個地方已經有點發散了 那等它拉回十日線 表態上去 假設你是在這個位置 十日線附近壓縮的地方 量縮 隔天出量 來這個地方 是不是也蠻像我們當時講的這一個 我們上一單元窒息量 新手看價 老手看量 然後搭配我們現在這個籌碼 高手看籌,auto,,
ex2-2.txt,274,出量第一根 這個是什麼 一萬九千張,,,1700.0,出量,這樣子慢慢走 十日線 有沒有 如果你是非常穩健的朋友 這個地方已經有點發散了 那等它拉回十日線 表態上去 假設你是在這個位置 十日線附近壓縮的地方 量縮 隔天出量 來這個地方 是不是也蠻像我們當時講的這一個 我們上一單元窒息量 新手看價 老手看量 然後搭配我們現在這個籌碼 高手看籌 對不對 你現在 加碼單元一的時候已經學了窒息量 出量第一根 這個是什麼 一萬九千張 然後價穩量縮 一直平在這個均線上,auto,,
ex2-2.txt,282,這一根出量 出量表態,,,1700.0,出量,量縮 隔天出量 來這個地方 是不是也蠻像我們當時講的這一個 我們上一單元窒息量 新手看價 老手看量 然後搭配我們現在這個籌碼 高手看籌 對不對 你現在 加碼單元一的時候已經學了窒息量 出量第一根 這個是什麼 一萬九千張 然後價穩量縮 一直平在這個均線上面 縮到這天多少 1700 1700有沒有符合十分之一 有 壓在這個均線上面 隔天  這天不要進去 為什麼 隔天可能會繼續往下崩跌 對不對 這一根出,auto,,
ex2-2.txt,298,隔一天出量站回十日線的話,,,,出量,加上又是符合我們這一個 籌碼 高手籌碼的一個策略進來 好 在這天尾盤進場 138.88 為什麼有這個數字 因為它這個前面有除息過 還原一下 用還原日K來看 在哪邊 這邊 好 141進去 這邊跌破量縮 跌破十日線 量縮 等一天 很明顯的 等一天拉出去安全 或者是你要符合策略 十日線出場可以 但是記得隔一天十日線 隔一天出量站回十日線的話 你要把它接回來 對不對 我們在這邊 141 到哪個地方真的要出,auto,,
ex2-2.txt,311,這地方才正式的跌破所有的這個大量,,,,大量,或者是你要符合策略 十日線出場可以 但是記得隔一天十日線 隔一天出量站回十日線的話 你要把它接回來 對不對 我們在這邊 141 到哪個地方真的要出場 好 這個地方 他除息了 這個地方是除息所以還好 所以為什麼要用還原來看 為什麼 就是因為這樣子會比較清楚知道 這邊都還沒 跑掉了 好 其實一直到這個附近 這地方才正式的跌破所有的這個大量 還有這個十日線 在169. 5 包含這個除息的2塊8 有含這個,auto,,
ex1-3.txt,0,光罩 年假首日拉漲停出量攻擊,2021-02-17,,2338.0,大量,光罩 年假首日拉漲停出量攻擊,manual,breakout,
ex1-3.txt,0,嘉澤 去年12月30號窒息量 前有大量,2020-12-30,,3533.0,窒息量,嘉澤 去年12月30號窒息量 前有大量,manual,choke,
ex1-3.txt,0,南茂 今年3月10號窒息量,2021-03-10,,8150.0,窒息量,南茂 今年3月10號窒息量,manual,choke,
ex1-3.txt,0,佳邦 1月22日窒息量,2021-01-22,,6284.0,窒息量,佳邦 1月22日窒息量,manual,choke,
ex1-3.txt,0,亞德克 2020/12/24 窒息量 前有大量,2020-12-24,,1590.0,窒息量,亞德克 2020/12/24 窒息量 前有大量,manual,choke,
pdf_p107,0,廣鍵 2020/09/16 漲9.87% 反轉形態出量,2020-09-16,,6441.0,大量,廣鍵 2020/09/16 漲9.87% 反轉形態出量【日期已修正，見 large_volume_ratios.csv】,manual_date_corrected,breakout,_page_107_Figure_0.jpeg
pdf_p107,0,廣鍵 2020/08/30 均線切入前大量,2020-08-30,,6441.0,大量,廣鍵 2020/08/30 均線切入前大量【日期已修正，見 large_volume_ratios.csv】,manual_date_corrected,breakout,_page_107_Figure_0.jpeg
pdf_p102,0,正隆 2020/08/06 反轉形態出量,2020-08-06,,1904.0,大量,正隆 2020/08/06 反轉形態出量【日期已修正，見 large_volume_ratios.csv】,manual_date_corrected,breakout,_page_102_Figure_0.jpeg
pdf_p103,0,正隆 2020/08/10 後旗型形態出量,2020-08-10,,1904.0,大量,正隆 2020/08/10 後旗型形態出量【日期已修正，見 large_volume_ratios.csv】,manual_date_corrected,breakout,_page_103_Figure_0.jpeg
pdf_p118,0,iBASE 2021/05/28 漲5.5% 布林上軌出量,2021-05-28,,6672.0,大量,iBASE 2021/05/28 漲5.5% 布林上軌出量,manual,breakout,_page_118_Figure_1.jpeg
pdf_p129,0,順德 2021/01/13 布林回測大量,2021-01-13,,2351.0,大量,順德 2021/01/13 布林回測大量【日期已修正，見 large_volume_ratios.csv】,manual_date_corrected,breakout,_page_129_Figure_0.jpeg
pdf_p130,0,順德 2021/01/20 布林回測後出量,2021-01-20,,2351.0,大量,順德 2021/01/20 布林回測後出量,manual,breakout,_page_130_Figure_0.jpeg
pdf_p130,0,台半 2020/10/16 布林回測大量,2020-10-16,,5425.0,大量,台半 2020/10/16 布林回測大量,manual,breakout,_page_130_Figure_0.jpeg
pdf_p142,0,晶技 2021/01/08 策略綜合應用出量,2021-01-08,,3042.0,大量,晶技 2021/01/08 策略綜合應用出量,manual,breakout,_page_142_Figure_1.jpeg
pdf_p86,0,華新科 2019/12/24 漲9.19% 投信基因截圖案例,2019-12-24,,2492.0,大量,華新科 2019/12/24 漲9.19% 投信基因截圖案例,manual,breakout,_page_86_Figure_0.jpeg
pdf_p74,0,開發金 2021/03/09 波段關鍵因素出量,2021-03-09,,2883.0,大量,開發金 2021/03/09 波段關鍵因素出量,manual,breakout,_page_74_Figure_1.jpeg
pdf_p77,0,中鋼 2021/05/13 波段月線出場大量,2021-05-13,,2002.0,大量,中鋼 2021/05/13 波段月線出場大量【日期已修正，見 large_volume_ratios.csv】,manual_date_corrected,breakout,_page_77_Figure_1.jpeg
pdf_p79,0,群創 2021/03/11 出現窒息量（前有大量峰值）,2021-03-11,,3481.0,窒息量,群創 2021/03/11 出現窒息量（前有大量峰值）,manual,choke,_page_79_Figure_1.jpeg
pdf_p107,0,廣鍵 2020-09-18（修正自09-16）大量突破,2020-09-18,,6441.0,大量,廣鍵 2020-09-18 大量突破（PDF p107，日期修正版）,manual,breakout,_page_107_Figure_0.jpeg
pdf_p102,0,正隆 2020-08-11（修正自08-06）大量,2020-08-11,,1904.0,大量,正隆 2020-08-11 大量（PDF p102，日期修正版）,manual,breakout,_page_102_Figure_0.jpeg
pdf_p102,0,正隆 2020-08-12 後續大量,2020-08-12,,1904.0,大量,正隆 2020-08-12 大量（PDF p102）,manual,breakout,_page_102_Figure_0.jpeg
pdf_p77,0,中鋼 2021-05-11（修正自05-13）大量,2021-05-11,,2002.0,大量,中鋼 2021-05-11 大量（PDF p77，日期修正版）,manual,breakout,_page_77_Figure_1.jpeg
