article_id,article_title,pattern_slug,case_company_name,ticker,approx_date,original_approx_date,corrected_approx_date,date_uncertainty_days,case_source,case_kind,expected_detect,vision_evidence,notes,date_autocorrected,real_miss,chart_cursor_date,pattern_circle_date,corrected_approx_date_v4,date_correction_method,vision_evidence_v4,actual_slug,hit,reason,hit_dates
0B1DD310D7685EE74123E5147BB7CFB2,25-升降組合型態,step_up_down,晶技,3042,2020-01-14,2020-01-14,2020-01-14 00:00:00,3,article_text,context_only,,資料起點問題（MISS_DIAGNOSIS D2）,[DB_OK name=晶技] 勢的整理，使得籌碼略顯凌亂，對於不穩定的力量，短線交易者在創新高價之後也會選擇出場，這是股價在突破往上升的時候，成交量異常放大的主因。  **109-01-14,False,,2020-01-14,,2020-01-14 00:00:00,unchanged,資料起點問題（MISS_DIAGNOSIS D2）,rising_falling,False,no_trigger_in_window,
0B1DD310D7685EE74123E5147BB7CFB2,25-升降組合型態,step_up_down,三洋電,1614,2022-02-18,2022-02-18,2022-02-18 00:00:00,14,article_text,confirmed_signal,True,升降型態但成交量太低，僅概念示範，date=圖示日,[DB_OK name=三洋電] 個價位對於市場資金的吸引力也已經不高。  經過這樣的例子，還可以區分為第一次攻擊或者已經中期多方趨勢之後，力量施展的角度當然大不相同。  **111-02-18,False,False,2022-02-18,2022-02-18,2022-02-18 00:00:00,unchanged,升降型態但成交量太低，僅概念示範，date=圖示日,rising_falling,True,hit,2022-02-18
161D653D96BB64939DE424B8B5162815,20-懷抱型態,harami_neutral,凌陽,2401,2022-02-18,2022-02-18,2022-02-18 00:00:00,14,article_text,confirmed_signal,True,懷抱型態標準例，多方無力拉抬後孕線出現,[DB_OK name=凌陽] 則需要追高意願，所以並不是出現就可以直接判定為反向變化，幅度上多方也不見得會有明顯的拉抬，單純了解力量，已經可以幫助操作時的短期決策。  **111-02-18,False,False,2022-02-18,2022-02-18,2022-02-18 00:00:00,unchanged,懷抱型態標準例，多方無力拉抬後孕線出現,embracing,True,hit,"2022-02-21,2022-02-23"
161D653D96BB64939DE424B8B5162815,20-懷抱型態,harami_neutral,台勝科,3532,2022-02-18,2022-02-18,2022-02-18 00:00:00,14,article_text,confirmed_signal,True,懷抱型態有量，多方抵抗意願存在,[DB_OK name=台勝科] 圖之中，往往很容易就只有一日行情，特別是成交量萎縮的狀態下，紅K懷抱黑K，常常會是空方取得優勢，因為本來就是處在多方無力拉抬的狀態中。  **111-02-18,False,False,2022-02-18,2022-02-18,2022-02-18 00:00:00,unchanged,懷抱型態有量，多方抵抗意願存在,embracing,True,hit,2022-02-23
161D653D96BB64939DE424B8B5162815,20-懷抱型態,harami_neutral,和益,1709,2022-03-09,2022-02-18,2022-03-09,14,article_text,confirmed_signal,True,長紅後孕線，懷抱型態前半段，為 internal_trap 先導,[DB_OK name=和益] 。  懷抱型態搭配成交量往往會有不一樣的理解，假如同樣的狀態卻沒有放量，那麼這個懷抱型態因為黑K不屬於力量型，也就沒有太大的抵抗意義。  **111-02-18,True,False,2022-02-18,2022-02-18,2022-03-09,unchanged,長紅後孕線，懷抱型態前半段，為 internal_trap 先導,embracing,True,hit,"2022-03-09,2022-03-23"
207FAB90A1222E9DCD7CCE2A26AB19B7,22-反撲型態,counterattack_pattern,同致,3552,2022-02-18,2022-02-18,2022-02-18 00:00:00,14,article_text,confirmed_signal,True,利多消息反撲，article明示此為反撲型態,[DB_OK name=同致] 一種強勢的反轉，但並不是。  因為是出現利多消息的反撲型態，股價通常會很快又回到原本的軌道，這一點與因為利多而出現的跳空缺口意義相同。  **111-02-18,False,False,2022-02-18,2022-02-18,2022-02-18 00:00:00,unchanged,利多消息反撲，article明示此為反撲型態,rebound,True,hit,2022-02-15
29F3734E9FE458A7138B770EB29C29F8,13-晨星與島狀反轉,island_reversal_bull,南帝,2108,2022-03-09,2022-03-09,2022-03-09 00:00:00,3,article_text,setup_only,False,文章明示因利多跳空+上方有壓力→島狀反轉會失敗,[DB_OK name=南帝] 發現了島狀反轉，有兩件事情一定要先做：  **一、確認K線圖上最近且明顯的賣壓何在。   二、從營運面理解空頭趨勢早早成型的主因。**  **111-03-09,False,,2022-03-09,,2022-03-09 00:00:00,unchanged,文章明示因利多跳空+上方有壓力→島狀反轉會失敗,morning_star_island_reversal,False,no_trigger_in_window,
29F3734E9FE458A7138B770EB29C29F8,13-晨星與島狀反轉,island_reversal_bull,南帝,2108,2022-04-25,2022-04-25,2022-04-25 00:00:00,3,article_text,context_only,,回顧當初分析結論，非新的pattern觸發日,[DB_OK name=南帝] 出，營收盈餘馬上就受到大幅影響，申豐尤為嚴重且明顯，那麼，島狀反轉出現的南帝，倘若賣壓天險明顯的存在，是否是搶反彈的優選呢？值得深思。  **111-04-25,False,,2022-04-25,,2022-04-25 00:00:00,unchanged,回顧當初分析結論，非新的pattern觸發日,morning_star_island_reversal,False,no_trigger_in_window,
2BA211D9CB1514E34D087249F9D627B7,18-包覆型態,engulfing_pattern_neutral,界霖,5285,2021-11-15,2022-02-18,2021-11-15,14,article_text,confirmed_signal,True,包覆型態（非力竭位置），天險賣壓,[DB_OK name=界霖] 要留意當時的組合出現後一段時間，股價是否開始進入盤整階段，往往等到盤整區跌破之後，會是空頭趨勢的開始，因為區間低點等於與頸線定義相符。  **111-02-18,False,False,2022-02-18,2021-11-15,2021-11-15,vision_circle_position,圖03 cursor 111/2/18，藍圈在110/11高峰包覆位置,neutral_engulfing,True,hit,2021-11-02
2BA211D9CB1514E34D087249F9D627B7,18-包覆型態,engulfing_pattern_neutral,事新科,4916,2021-11-23,2022-02-18,2021-11-23,14,article_text,confirmed_signal,True,黑K包覆紅K，有量套牢區天險,[DB_OK name=事欣科] 大的難度，輔以成交量一併判斷，就是確認有著大量套牢區的存在。  短線交易更不需要考量，因為天險存在等於風險明顯大於機會，並不值得參與。  **111-02-18,False,True,2022-02-18,2021-11-23,2021-11-23,vision_circle_position,圖04 cursor 111/2/18，藍圈在110/11-12高峰包覆位置,neutral_engulfing,True,hit,2021-11-23
2BA211D9CB1514E34D087249F9D627B7,18-包覆型態,engulfing_pattern_neutral,良維,6290,2022-02-18,2022-02-18,2022-02-18 00:00:00,14,article_text,confirmed_signal,True,包覆型態，基本面遠的高位賣壓,[DB_OK name=良維] 不一定相同，但共通點往往是股價已經脫離基本面較遠，所以多單盡量逢高出脫所致，如果再加上有量，同樣就是投資或交易時股價的天險。  ---  **111-02-18,False,True,2022-02-18,2022-02-18,2022-02-18 00:00:00,unchanged,包覆型態，基本面遠的高位賣壓,neutral_engulfing,True,hit,2022-02-18
2BA211D9CB1514E34D087249F9D627B7,18-包覆型態,engulfing_pattern_neutral,岱稜,3303,2022-02-18,2022-02-18,2022-02-18 00:00:00,14,article_text,confirmed_signal,True,紅包黑型，無量則無力量意義（示範案例）,[DB_OK name=岱稜] 點點力量也可以包覆住前一天的黑K，因此在這種狀況中，成交量是很重要的判斷要素，如果無量，這個型態就完全沒有力量上的轉變意義。  ---  **111-02-18,False,False,2022-02-18,2022-02-18,2022-02-18 00:00:00,unchanged,紅包黑型，無量則無力量意義（示範案例）,neutral_engulfing,True,hit,2022-02-18
4A2519730555027A6612FC9C77BE51FB,21-遭遇型態,meeting_lines,勝品,6556,2022-02-18,2022-02-18,2022-02-18 00:00:00,14,article_text,confirmed_signal,True,攻擊缺口被收盤封閉，遭遇型態成立,[DB_OK name=勝品] 可以視為投資型資金的逢低承接力量，但也沒有視為反轉的意義，因為股價的上揚需要資金願意買進更高價，低檔封閉無法直接確認這是往上拉的意圖。  **111-02-18,False,False,2022-02-18,2022-02-18,2022-02-18 00:00:00,unchanged,攻擊缺口被收盤封閉，遭遇型態成立,meeting,True,hit,"2022-02-10,2022-03-04"
4A2519730555027A6612FC9C77BE51FB,21-遭遇型態,meeting_lines,勝品,6556,2022-02-24,2022-02-24,2022-02-24 00:00:00,14,article_text,confirmed_signal,True,回顧02-18遭遇型態，本日為第2次遭遇型態討論,[DB_OK name=勝品] 態的意義也就是巧合地封閉缺口，那麼我們在判斷K線圖的時候，對於「以前曾經出現過遭遇型態」，就需要特別警覺多方力量被空方抵抗成功的狀況。  **111-02-24,False,False,2022-02-24,2022-02-24,2022-02-24 00:00:00,unchanged,回顧02-18遭遇型態，本日為第2次遭遇型態討論,meeting,True,hit,"2022-02-10,2022-03-04"
4A2519730555027A6612FC9C77BE51FB,21-遭遇型態,meeting_lines,台光電,2383,2022-02-24,2022-02-24,2022-02-24 00:00:00,14,article_text,confirmed_signal,True,跳空缺口被封閉，遭遇型態成立,[DB_OK name=台光電] )  回顧過去的結構，是遭遇型態最常見的用法，也就是發現的跳空上攻的狀態缺口卻被封閉，那就對於進場做多要保持很大的風險意識。  ---  **111-02-24,False,False,2022-02-24,2022-02-24,2022-02-24 00:00:00,unchanged,跳空缺口被封閉，遭遇型態成立,meeting,True,hit,"2022-02-21,2022-03-09"
4A2519730555027A6612FC9C77BE51FB,21-遭遇型態,meeting_lines,康舒,6282,2022-01-19,2022-02-18,2022-02-18 00:00:00,14,article_text,confirmed_signal,True,遭遇型態輔助賣壓判斷，非純轉折,[DB_OK name=康舒] 遭遇型態的用途，不會是反向使用的意義，不宜作為多單賣出之後，還要當作放空使用，因為如果真的去放空就會變成現在卡在那裡的窘境。  ---  **111-02-18,False,True,2022-02-18,2022-01-19,2022-01-19,vision_circle_position,課程明示「一月初的遭遇型態」；圖紅圈在111/1中後段、close==prev_close=34.10,meeting,True,hit,"2022-01-19,2022-01-20"
53E0BA326CBB753118E3F8C6232F7F0F,19-貫穿型態,piercing_pattern,文曄,3036,2022-02-15,2022-02-15,2022-02-15 00:00:00,3,article_text,confirmed_signal,True,多方長紅後貫穿黑K，烏雲罩頂力量抵抗,[DB_OK name=文曄] 改變。  多方狀態出現的黑K之後，接下來只要價格沒有再創新高，或者空方狀態的紅K之後，價格沒有創新低，那麼都顯示貫穿力量是有效存在的。  **111-02-15,False,True,2022-02-15,2022-02-15,2022-02-15 00:00:00,unchanged,多方長紅後貫穿黑K，烏雲罩頂力量抵抗,piercing_line,True,hit,2022-02-15
53E0BA326CBB753118E3F8C6232F7F0F,19-貫穿型態,piercing_pattern,華景電,6788,2022-01-24,2022-02-18,2022-02-18 00:00:00,14,article_text,confirmed_signal,True,曙光乍現（紅貫穿黑），空方力量減弱,[DB_OK name=華景電] 那麼繼續往下走證明了多方已經沒有再往上拉抬的企圖，股價已經轉為讓空方主導，不是確認反轉成立的意思，更多是順理成章的判斷態度。  ---  **111-02-18,False,True,2022-02-18,2022-01-24,2022-01-24,vision_circle_position,紅圈在111/1之後、198 區；01-21黑K (-5%) → 01-24紅K (+8%) 站上中值195,piercing_line,True,hit,"2022-01-10,2022-01-19,2022-01-24"
5CB9CD820B2BEF0AC861FFEDB89CD6B0,26-上下缺回補,gap_fill_pattern,台亞,2340,2021-12-29,2021-12-29,2021-12-29 00:00:00,3,article_text,context_only,,DB 該 ticker 最早資料 2022-01-03，案例日早於資料起點,[DB_OK name=台亞] 擊跳空缺口，之後呈現弱勢(或者隔日醞釀，再隔日轉弱)，一併把缺口補上，也就是上行缺口被快速的回補了，自此要留意力量消失之後的走勢演變。  **110-12-29,False,,2021-12-29,,2021-12-29 00:00:00,unchanged,DB 該 ticker 最早資料 2022-01-03，案例日早於資料起點,gap_fill_up,True,hit,"2021-12-30,2022-01-07"
6C03240289991A8B7F5D99C5DC2409D5,12-夜星與島狀反轉,island_reversal_bear,茂達,6128,2022-04-29,2022-04-29,2022-04-29 00:00:00,3,article_text,setup_only,False,MISS_DIAGNOSIS 確認案例邊緣，無嚴格 island_reversal 結構,[DB_OK name=上福] 如果為了出貨，常常會慢慢來。  假如真的要強烈快速倒貨，那又很容易形成空頭吞噬，不需要刻意地做成島狀反轉，  比較常見的是另一種模式。  **111-04-29,False,,2022-04-29,,2022-04-29 00:00:00,unchanged,MISS_DIAGNOSIS 確認案例邊緣，無嚴格 island_reversal 結構,evening_star_island_reversal,False,no_trigger_in_window,
978854A6B0757492FB6A99F8E92A41EC,03-母子晨星,morning_star_harami,欣銓,3264,2022-04-08,2022-04-08,2022-04-08 00:00:00,3,article_text,confirmed_signal,True,母子晨星，力竭符合但無拉抬力道,[DB_OK name=欣銓] K線來判斷方向變化，實務上很可能受到了大盤環境的影響，資金力量薄弱，雖然力竭符合，可是股價一時之間沒有拉抬力道出現，所以依然呈現弱勢。  **111-04-08,False,False,2022-04-08,2022-04-08,2022-04-08 00:00:00,unchanged,母子晨星，力竭符合但無拉抬力道,morning_star_harami,True,hit,"2022-04-08,2022-04-13"
978854A6B0757492FB6A99F8E92A41EC,03-母子晨星,morning_star_harami,欣銓,3264,2022-04-15,2022-04-15,2022-04-15 00:00:00,3,article_text,context_only,,同月同股回顧，申明本益比10倍以下但仍無力,[DB_OK name=欣銓] 經低於本益比十倍以下，且公司並非景氣循環股，理論上力竭現象已經開始出現，但是如果市場上就是沒有資金要往上拉抬股價，那麼股價也就不會動。  **111-04-15,False,,2022-04-15,,2022-04-15 00:00:00,unchanged,同月同股回顧，申明本益比10倍以下但仍無力,morning_star_harami,True,hit,"2022-04-08,2022-04-13"
A5C5E3F242DCE38F0E9061E3FBC85B81,24-咬定型態,determined_break,奇鋐,3017,2022-02-17,2022-02-17,2022-02-17 00:00:00,3,article_text,confirmed_signal,True,咬定型態紅K突破狹幅整理，多方力量確認,[DB_OK name=奇鋐] 。  這裡談的咬定型態黑K，指的是眼前的趨勢不一定是在多頭狀態，也可能是空頭之後整理一段時間再殺出長黑K，這樣的意義就貼近於下降三法。  **111-02-17,False,True,2022-02-17,2022-02-17,2022-02-17 00:00:00,unchanged,咬定型態紅K突破狹幅整理，多方力量確認,biting,True,hit,2022-02-17
A5C5E3F242DCE38F0E9061E3FBC85B81,24-咬定型態,determined_break,志超,8213,2022-02-18,2022-02-18,2022-02-18 00:00:00,14,article_text,confirmed_signal,True,咬定型態（大幅整理後突破），類型態學突破,[DB_OK name=志超] 合了攻擊整理型態、上升三法中的醞釀意義，所以可以自成一個強勢走勢的型態，對於多方操作者來說，能夠判斷得出來會對股市的操作更加具備信心。  **111-02-18,False,False,2022-02-18,2022-02-18,2022-02-18 00:00:00,unchanged,咬定型態（大幅整理後突破），類型態學突破,biting,True,hit,2022-02-18
A5C5E3F242DCE38F0E9061E3FBC85B81,24-咬定型態,determined_break,富邦媒,8454,2022-02-25,2022-02-25,2022-02-25 00:00:00,3,article_text,confirmed_signal,True,空頭整理後黑K咬定，明顯弱勢延續,[DB_OK name=富邦媒] 就是說，咬定型態是用來判斷力量，不是用來當作買賣進出點，對於力量辨識有需求的人，對於風險狀態有體認的人，這是重要的型態。**  ---  **111-02-25,False,True,2022-02-25,2022-02-25,2022-02-25 00:00:00,unchanged,空頭整理後黑K咬定，明顯弱勢延續,biting,True,hit,"2022-02-25,2022-03-01"
A5C5E3F242DCE38F0E9061E3FBC85B81,24-咬定型態,determined_break,富邦媒,8454,2022-03-15,2022-03-15,2022-03-15 00:00:00,3,article_text,context_only,,回顧02-25咬定型態後噩夢持續，屬結果論,[DB_OK name=富邦媒] 知道反彈會出現在哪一天，持有者撐不撐得到那天的來臨，這是看待K線要從力量的角度去判斷的主因，不能用賭的心態來面對空頭趨勢的現在進行式。  **111-03-15,False,,2022-03-15,,2022-03-15 00:00:00,unchanged,回顧02-25咬定型態後噩夢持續，屬結果論,biting,True,hit,2022-03-23
E79401532D60CC63B302926C2C33FB50,02-包覆線吞噬,engulfing,康控,4943,2022-04-13,2022-04-13,2022-04-13 00:00:00,3,article_text,confirmed_signal,True,空頭吞噬，攻擊後被黑K包覆，轉折力量明確,[DB_OK name=康控-KY] 也代表著「攻擊力量發揮」的意義，出現被黑K包覆，這個包覆的意義就是轉折的力量出現的位置。  這就是空頭吞噬，轉折的力量基於力竭的原理。  **111-04-13,False,,2022-04-13,2022-04-13,2022-04-13 00:00:00,unchanged,空頭吞噬，攻擊後被黑K包覆，轉折力量明確,,,extras_pattern_skipped,
E79401532D60CC63B302926C2C33FB50,02-包覆線吞噬,engulfing,驊訊,6237,2021-04-12,2021-04-12,2021-04-12 00:00:00,3,article_text,confirmed_signal,True,空頭吞噬，漲五成後黑K包覆意義更強,[DB_OK name=驊訊] 往往想要利用有獲利的機會賣出股票，就會找很多似是而非的理由當作藉口，卻忘記了型態學的重要性。  ---  **股價越高力竭意義越大**  **110-04-12,False,,2021-04-12,2021-04-12,2021-04-12 00:00:00,unchanged,空頭吞噬，漲五成後黑K包覆意義更強,,,extras_pattern_skipped,
E79401532D60CC63B302926C2C33FB50,02-包覆線吞噬,engulfing,驊訊,6237,2022-01-05,2022-01-05,2022-01-05 00:00:00,3,article_text,context_only,,回顧04-12吞噬後跌到58元以下，結果論,[DB_OK name=驊訊] 上突破了，當然判斷上一樣是「型態的突破」，然後到四月十二日才又再次出現吞噬的黑K包覆。  這次的包覆轉折意義更強，因為股價又貴了五成。  **111-01-05,False,,2022-01-05,,2022-01-05 00:00:00,unchanged,回顧04-12吞噬後跌到58元以下，結果論,,,extras_pattern_skipped,
EBD01861796168390992499149DFE0EE,23-內困型態,internal_trap,和益,1709,2022-02-21,2022-02-21,2022-02-21 00:00:00,3,article_text,confirmed_signal,True,創新高長紅後孕線翻黑，內困翻黑型態成立,[DB_OK name=和益] 純就是短期變化，用來搭配其他K線力量一併研判。  例如原本已經轉折向下，然後出現紅K又內困翻黑，這樣的型態就輔助了原本的轉折組合確立。  **111-02-21,False,False,2022-02-21,2022-02-21,2022-02-21 00:00:00,unchanged,創新高長紅後孕線翻黑，內困翻黑型態成立,trapped,True,hit,2022-02-21
EBD01861796168390992499149DFE0EE,23-內困型態,internal_trap,台表科,6278,2018-09-19,2022-02-18,2022-02-18 00:00:00,3,article_text,context_only,,expected_detect=False 文章說明背景不對,[DB_OK name=台表科] 此時需要回頭留意基本面，因為股價以往冷門又是中低價股，但基本面又不算太差的，也不至於大跌，就是得經過一定程度的盤整區段才會有方向出現。  **111-02-18,False,,2022-02-18,,2018-09-19,unchanged,老師圈在9月中；09-18 gap down 高 34→33.45；09-19 high 34.65 = 09-18 gap top intraday touch 回補,trapped,False,no_trigger_in_window,
EBD01861796168390992499149DFE0EE,23-內困型態,internal_trap,新興,2605,2022-02-07,2022-02-18,2022-02-07,14,article_text,confirmed_signal,True,內困翻紅，空方趨勢中短期逢低搶進力量,[DB_OK name=新興] 場投資的矛盾。  不過這個弱勢明顯的量縮，至少這一段未來如果有反彈，還不至於遇到太大的套牢壓力阻礙，這是內困狀態下可以輔助的細節判斷。  **111-02-18,True,False,2022-02-18,2022-02-18,2022-02-07,unchanged,內困翻紅，空方趨勢中短期逢低搶進力量,trapped,True,hit,2022-02-07
0B1DD310D7685EE74123E5147BB7CFB2,25-升降組合型態,step_up_down,高力,8996,2020-01-13,2020-01-13,2020-01-13 00:00:00,3,article_text,confirmed_signal,True,升降型態攻擊後再創新高範例，approx_date=攻擊突破日,[NO_OHLCV name=高力] 型態再創新高之後，很容易繼續原本的往上拉抬攻勢，相對的如果沒有繼續，反而開始出現中期的區間震盪，那只能用區間整理的姿態來面對這個走勢。  **109-01-13,False,True,2020-01-13,2020-01-13,2020-01-13 00:00:00,unchanged,升降型態攻擊後再創新高範例，approx_date=攻擊突破日,rising_falling,True,hit,"2020-01-13,2020-01-20"
0B1DD310D7685EE74123E5147BB7CFB2,25-升降組合型態,step_up_down,華擎,3515,2020-02-17,2020-02-27,2020-02-17,3,article_text,confirmed_signal,True,升降型態中間橫向整理再突破，approx_date=突破日,[NO_OHLCV name=華擎] 狹幅橫向，不僅創新高的紅K低點價格沒破，短期內也有狹幅整理或者低點推升的態勢，最強的走法就是再往上突破之後，再次展開另一波的日出攻擊。  **109-02-27,False,True,2020-02-17,2020-02-17,2020-02-17,vision_circle_position,圖03 cursor 02/17，黃圈在109/1-2升降突破位置,rising_falling,True,hit,2020-02-14
13041D9897DBD12852724CAD0D994486,09-雙鴉躍空,two_crows_gap,品安,8088,2019-12-23,2019-12-23,2019-12-23 00:00:00,3,article_text,setup_only,False,文章明示為反例（看似符合但隔天往下走非雙鴉躍空）,[NO_OHLCV name=品安] 的面向，例如雙鴉雖然是兩根黑K，但也可能只是短K線，甚至是十字線，就不能不評估「醞釀K線」的狀態與意義。  以下是連續走勢判斷的實例。  **108-12-23,False,,2019-12-23,,2019-12-23 00:00:00,unchanged,文章明示為反例（看似符合但隔天往下走非雙鴉躍空）,two_crow_gap,False,no_trigger_in_window,
13041D9897DBD12852724CAD0D994486,09-雙鴉躍空,two_crows_gap,品安,8088,2019-12-24,2019-12-24,2019-12-24 00:00:00,3,article_text,setup_only,False,反例延伸,[NO_OHLCV name=品安] 買，籌碼當然算是穩定，上圖在所有的技術分析判斷技巧中都還沒有疑慮。  那麼，下一個重點就是**「股價如果有心要攻擊，不可以回頭。」**  **108-12-24,False,,2019-12-24,,2019-12-24 00:00:00,unchanged,反例延伸,two_crow_gap,False,no_trigger_in_window,
13041D9897DBD12852724CAD0D994486,09-雙鴉躍空,two_crows_gap,品安,8088,2020-05-18,2020-05-18,2020-05-18 00:00:00,3,article_text,setup_only,False,半年後再示範背景錯誤,[NO_OHLCV name=品安] 教學，還需要延伸力量變化講解的最佳實務範例，因為一切好像都太完美，卻往下走讓人有機會拉回逢低承接，就是K線圖上**「力量的矛盾」**。  **109-05-18,False,,2020-05-18,,2020-05-18 00:00:00,unchanged,半年後再示範背景錯誤,two_crow_gap,False,no_trigger_in_window,
207FAB90A1222E9DCD7CCE2A26AB19B7,22-反撲型態,counterattack_pattern,佳世達,2352,2021-11-15,2021-11-15,2021-11-15 00:00:00,3,article_text,confirmed_signal,True,開盤直接跳空低於前日最低，反撲型態標準例,[NO_OHLCV name=佳世達] 反撲，也就是一開盤就直接站在前一天的開盤價或者之上，形成一種前一天賣掉的人再也買不回來的狀態，這也是被定名為反撲型態最有畫面感的原因。  **110-11-15,False,False,2021-11-15,2021-11-15,2021-11-15 00:00:00,unchanged,開盤直接跳空低於前日最低，反撲型態標準例,rebound,True,hit,2021-11-15
2BA211D9CB1514E34D087249F9D627B7,18-包覆型態,bear_engulfing,泰碩,3338,2019-08-30,2020-01-08,2019-09-09,3,article_text,confirmed_signal,True,黑K吞噬，明確的空頭吞噬轉折,[NO_OHLCV name=泰碩] 狀態，這個黑K往往就是出貨的現象，一旦出貨完畢，股價更可能以長黑跌破盤整區，帶動整個趨勢轉往空方，此處需要以「趨勢線或型態輔助」判斷。  **109-01-08,False,True,2020-01-08,2019-09-09,2019-08-30,vision_circle_position,圖02黃圈在108/9之前；08-29紅K close 104.5 → 08-30 大黑K -10.8% open 105.5/close 94.1 吞噬 08-29 紅K身體,bear_engulfing,True,hit,2019-08-30
3F9C5C8C7B81C89FBCA2970EF1855997,11-夜星棄嬰,evening_star,加高,8182,2021-06-25,2021-06-25,2021-06-25 00:00:00,3,article_text,context_only,False,夜星棄嬰標準例,[NO_OHLCV name=加高] ，十字線的確有著中繼的意義，力量的意義也屬於醞釀，人們喜歡變盤二字，是基於好像有一種機會可以佔到便宜，滿足逢高放空或者逢低買進的想法。  **110-06-25,False,True,2021-06-25,2021-06-25,2021-06-25 00:00:00,unchanged,老師用此為「失敗夜星棄嬰」反例：十字線(06-24)隔天本應跌破紅K中值，實際06-25大紅K +7%，課程line 16「以為十字線代表變盤的人不求甚解」,evening_star_abandoned,False,no_trigger_in_window,
3F9C5C8C7B81C89FBCA2970EF1855997,11-夜星棄嬰,evening_star,品安,8088,2019-12-23,2019-12-23,2019-12-23 00:00:00,3,article_text,setup_only,False,與 09 篇共用反例,[NO_OHLCV name=品安] 不代表一定會變盤。  因為十字線後又接續上攻，就有人衍生出另外的說法，那就看十字線的隔天是否開高，如果開高就是續攻，如果開低就是變盤。  **108-12-23,False,,2019-12-23,,2019-12-23 00:00:00,unchanged,與 09 篇共用反例,evening_star_abandoned,False,no_trigger_in_window,
3F9C5C8C7B81C89FBCA2970EF1855997,11-夜星棄嬰,evening_star,品安,8088,2019-12-24,2019-12-24,2019-12-24 00:00:00,3,article_text,setup_only,False,與 09 篇共用反例,[NO_OHLCV name=品安] 這是隔日開盤五分鐘之後的K線圖，如果依照這個市場傳聞所說的教學邏輯，表示股價中繼休息，而後開高代表將要續攻，但實際上的走勢卻不是如此。  **108-12-24,False,,2019-12-24,,2019-12-24 00:00:00,unchanged,與 09 篇共用反例,evening_star_abandoned,False,no_trigger_in_window,
426EAB98127A5370FC83CB5983BDA385,07-暗夜雙星,dark_night_two_star,圓展,3669,2020-09-07,2020-09-07,2020-09-07 00:00:00,3,article_text,confirmed_signal,True,暗夜雙星+黑K吞噬雙重定義成立，高檔長黑包覆,[NO_OHLCV name=圓展] 雙星的轉折定義成立，但如果有「包覆」，力量上的定義就是更加的強烈，因為黑K吞噬也是成立，所以兩個轉折定義都存在。  以下我們逐一說明。  **109-09-07,False,True,2020-09-07,2020-09-07,2020-09-07 00:00:00,unchanged,暗夜雙星+黑K吞噬雙重定義成立，高檔長黑包覆,dark_double_star_anye,True,hit,2020-09-07
426EAB98127A5370FC83CB5983BDA385,07-暗夜雙星,dark_night_two_star,圓展,3669,2020-09-07,2020-12-18,2020-12-18 00:00:00,3,article_text,confirmed_signal,True,長黑包覆前日紅K，暗夜雙星轉折出場,[NO_OHLCV name=圓展] 力竭的可能性就越高，於是高檔長黑如果出現了，不能忽視，何況這根長黑還包覆了前一天的紅K，顯示多方氣氛雖然正熱，但是轉折的力量已經出現。  **109-12-18,False,True,2020-12-18,2020-09-07,2020-09-07,duplicate_of_earlier,圖03 cursor 12/18，黃圈在109/9同一暗夜雙星pattern重複引用,dark_double_star_anye,True,hit,2020-09-07
426EAB98127A5370FC83CB5983BDA385,07-暗夜雙星,dark_night_two_star,威盛,2388,2018-04-09,2018-04-09,2018-04-09 00:00:00,3,article_text,confirmed_signal,True,暗夜雙星出現，漲幅有限但轉折訊號成立,[NO_OHLCV name=威盛] 的時期出現了空方的轉折組合，雖然看起來有多方的漲勢，實際上卻不是算幅度很大，那麼力竭之後股價的跌勢就不一定會快速且也不一定會大幅下跌。  **107-04-09,False,True,2018-04-09,2018-04-09,2018-04-09 00:00:00,unchanged,暗夜雙星出現，漲幅有限但轉折訊號成立,dark_double_star_anye,True,hit,"2018-04-09,2018-04-17"
426EAB98127A5370FC83CB5983BDA385,07-暗夜雙星,dark_night_two_star,威盛,2388,2018-04-17,2018-04-17,2018-04-17 00:00:00,3,article_text,confirmed_signal,True,暗夜雙星後自救反彈，兩週大跌印證轉折,[NO_OHLCV name=威盛] 大盤的回檔，主力若出不完就會展開自救，自救不代表未來股價一定會再創新高又攻擊一次。所以，單純把轉折視為出場的意義來使用其實就很足夠了。  **107-04-17,False,True,2018-04-17,2018-04-17,2018-04-17 00:00:00,unchanged,暗夜雙星後自救反彈，兩週大跌印證轉折,dark_double_star_anye,True,hit,"2018-04-09,2018-04-17"
426EAB98127A5370FC83CB5983BDA385,07-暗夜雙星,gap_under_pressure_reversal,強茂,2481,2018-12-07,2019-03-25,2018-12-07,3,article_text,confirmed_signal,True,遇壓跳空，遇前高壓力後向下跳空缺口,[NO_OHLCV name=強茂] 單純就是紅K上漲之後股價遇到了前一波高點的壓力，隔天卻往下跳空，形狀相似於跳空反轉。  為了把三根組合做一個結論，故在此舉例補充說明。  **108-03-25,False,True,2019-03-25,2018-12-07,2018-12-07,vision_circle_position,圖06 cursor 108/3，橘圈在107/12高峰遇壓跳空 (D1 reclassified: 課程明示「遇壓跳空」不是暗夜雙星),gap_under_pressure_reversal,True,hit,2018-12-14
53E0BA326CBB753118E3F8C6232F7F0F,19-貫穿型態,piercing_pattern,上曜,1316,2022-01-20,2022-02-18,2022-02-18 00:00:00,3,article_text,confirmed_signal,True,貫穿型態，力量轉變意義大於買賣點,[NO_OHLCV name=上曜] 。  不過，這個類型的個股，如果暫時有著不錯的基本面，代表多方的拉抬已經被組檔，但並不會快速的回跌，與黑K吞噬需要的力竭背景不太相同。  **111-02-18,False,True,2022-02-18,2022-01-20,2022-01-20,vision_circle_position,紅圈在2標籤前/26-27區；01-19紅K+8% → 01-20黑K開高跌穿中值25.65,piercing_line,True,hit,"2022-01-10,2022-01-13,2022-01-20"
5CB9CD820B2BEF0AC861FFEDB89CD6B0,26-上下缺回補,gap_fill_pattern,台表科,6278,2018-09-19,2020-04-30,2020-04-30 00:00:00,3,article_text,confirmed_signal,True,攻擊跳空缺口被回補，多方熱情消失,[NO_OHLCV name=台表科] 著多方的熱情已經開始消失，雖說形態上很接近暗夜雙星，但這裡我們不討論多空轉折，單純只看組合型態中的缺口意義，一樣可以辨識力量是否改變。  **109-04-30,False,False,2020-04-30,2020-04-30,2018-09-19,unchanged,老師圈在9月中；09-18 gap down 高 34→33.45；09-19 high 34.65 = 09-18 gap top intraday touch 回補,gap_fill_down,True,hit,2018-09-19
5CB9CD820B2BEF0AC861FFEDB89CD6B0,26-上下缺回補,gap_fill_pattern,台表科,6278,2018-09-19,2019-01-10,2019-01-10 00:00:00,3,article_text,confirmed_signal,True,向下跳空後迅速回補，危機消失信號,[NO_OHLCV name=台表科] 補就表示這裡存在著一層套牢。  簡單的說，缺口回補才考慮進一步有沒有可能往多方，有可能但不一定，可是缺口沒有回補，那就暫時不用討論了。  **108-01-10,False,True,2019-01-10,2019-01-10,2018-09-19,vision_circle_position,老師圈在9月中；09-18 gap down 高 34→33.45；09-19 high 34.65 = 09-18 gap top intraday touch 回補,gap_fill_down,True,hit,2018-09-19
5CB9CD820B2BEF0AC861FFEDB89CD6B0,26-上下缺回補,gap_fill_pattern,聯陽,3014,2019-02-24,2019-02-24,2019-02-24 00:00:00,3,article_text,confirmed_signal,True,下缺未回補，套牢壓力位置說明,[NO_OHLCV name=聯陽]   也就是未來即使出現反彈，上面也還有這個缺口的壓力存在，等於是多方的天險壓力位置，這樣就可以理解當時的向下跳空有沒有快速回補的差別。  **108-02-24,False,False,2019-02-24,2019-02-24,2019-02-24 00:00:00,unchanged,下缺未回補，套牢壓力位置說明,gap_fill_up,True,hit,2019-02-15
5FCAA3846B5C453F95D59CBFE7ECEE20,15-空方單日反轉,bearish_one_day_reversal,興富發,2542,2021-11-15,2021-11-15,2021-11-15 00:00:00,3,article_text,setup_only,False,文章明示：無多方拉抬背景，空方單日反轉不成立,[NO_OHLCV name=興富發] 反轉」，因此出現日落、跳空反轉都屬於轉折訊號，差異在於如果股價並沒有先經過大幅的拉抬，也沒有跳空，光看日落就要判斷成轉折，還是太隨興。  **110-11-15,False,,2021-11-15,,2021-11-15 00:00:00,unchanged,文章明示：無多方拉抬背景，空方單日反轉不成立,,,extras_pattern_skipped,
5FCAA3846B5C453F95D59CBFE7ECEE20,15-空方單日反轉,bearish_one_day_reversal,元太,8069,2021-11-16,2021-11-16,2021-11-16 00:00:00,3,article_text,setup_only,False,文章明示：無拉抬攻擊跡象，形狀符合但力量不符,[NO_OHLCV name=元太] 歷過多方拉抬或者攻擊，不是明顯的多方趨勢之後，多方未曾施力拉抬，就沒有任何轉折力竭判斷的必要，因此形狀相符並不代表就是單日反轉的組合。  **110-11-16,False,,2021-11-16,,2021-11-16 00:00:00,unchanged,文章明示：無拉抬攻擊跡象，形狀符合但力量不符,,,extras_pattern_skipped,
5FCAA3846B5C453F95D59CBFE7ECEE20,15-空方單日反轉,bearish_one_day_reversal,創惟,6104,2021-11-12,2021-11-12,2021-11-12 00:00:00,3,article_text,setup_only,False,文章明示：才剛突破，無力竭背景,[NO_OHLCV name=創惟] 歷過多方用力拉抬、攻擊的跡象，也就沒有反轉的意義存在。  K線重意不重形，力量上的意義才是判斷的關鍵，不是以兩根轉折組合的形狀就決定。  **110-11-12,False,,2021-11-12,,2021-11-12 00:00:00,unchanged,文章明示：才剛突破，無力竭背景,,,extras_pattern_skipped,
5FCAA3846B5C453F95D59CBFE7ECEE20,15-空方單日反轉,bearish_one_day_reversal,燦坤,2430,2021-10-20,2021-10-20,2021-10-20 00:00:00,3,article_text,setup_only,False,單日反轉前置觀察，需等外側三黑確認,[NO_OHLCV name=燦坤] 清晰，卻怎樣都無法把所有的可能性囊括在內的一種轉折組合。  因此必要的狀況下，很多原理也都可以做為輔助判斷，例如**短期趨勢**也算。  **110-10-20,False,,2021-10-20,,2021-10-20 00:00:00,unchanged,單日反轉前置觀察，需等外側三黑確認,,,extras_pattern_skipped,
5FCAA3846B5C453F95D59CBFE7ECEE20,15-空方單日反轉,bearish_one_day_reversal,燦坤,2430,2021-10-22,2021-10-22,2021-10-22 00:00:00,3,article_text,confirmed_signal,True,外側三黑+短期多方趨勢線跌破，article說此日已確認,[NO_OHLCV name=燦坤] 他的輔助可以使用，那就可以回到短期趨勢來看，因為如果隔天出現再一根黑K，就會形成轉折組合中的外側三黑，再跌也會變成短期多方趨勢線跌破。  **110-10-22,False,,2021-10-22,2021-10-22,2021-10-22 00:00:00,unchanged,外側三黑+短期多方趨勢線跌破，article說此日已確認,,,extras_pattern_skipped,
666C90D7BC58F0E0E9629CAD711FD56F,04-高檔吊首,hanging_man,東和,1414,2020-11-04,2020-11-04,2020-11-04 00:00:00,3,article_text,setup_only,False,T-line 出現日，文章明示尚未成立 (high not broken),[NO_OHLCV name=東和] 這根K線的高點，就表示當日就只是單純的下影線而已；但如果跌破高檔下影線低點，那就等於是日落，表示連下影線當天低接的人，都已經開始虧損。  **109-11-04,False,,2020-11-04,,2020-11-04 00:00:00,unchanged,T-line 出現日，文章明示尚未成立 (high not broken),high_hanging_man,False,no_trigger_in_window,
666C90D7BC58F0E0E9629CAD711FD56F,04-高檔吊首,hanging_man,東和,1414,2020-11-05,2020-11-05,2020-11-05 00:00:00,3,article_text,setup_only,False,孕線後仍非日落，課程說「轉折意義並不在此」,[NO_OHLCV name=東和] ，日出攻擊結束是前一天的低點被跌破，高檔下影線的定義也是隔天開始「日落」，所以必須留意的是高檔吊首的確定點，從下影線的低點被跌破開始。  **109-11-05,False,,2020-11-05,,2020-11-05 00:00:00,unchanged,孕線後仍非日落，課程說「轉折意義並不在此」,high_hanging_man,False,no_trigger_in_window,
666C90D7BC58F0E0E9629CAD711FD56F,04-高檔吊首,hanging_man,東和,1414,2020-11-20,2020-11-20,2020-11-20 00:00:00,3,article_text,setup_only,False,文章明示「真正轉折在此處但是大敵當前，並非高檔吊首」,[NO_OHLCV name=東和] 時沒有改變力量，所以也就還沒有力竭的意義。  既然對於高檔下影線被判斷為高檔吊首的定義還不相符，表示真正有轉折意義的位置並不是在此處。  **109-11-20,False,,2020-11-20,,2020-11-20 00:00:00,unchanged,文章明示「真正轉折在此處但是大敵當前，並非高檔吊首」,high_hanging_man,False,no_trigger_in_window,
666C90D7BC58F0E0E9629CAD711FD56F,04-高檔吊首,hanging_man,東和,1414,2021-01-20,2021-01-20,2021-01-20 00:00:00,3,article_text,context_only,,回顧大敵當前，連貫記憶用，非新的pattern觸發,[NO_OHLCV name=東和] 圖還是先提供給讀者，方便大家連貫性的記憶，這個位置出現的轉折組合是「大敵當前」的型態，真正出現轉折位置是在這裡，並非之前的高檔下影線。  **110-01-20,False,,2021-01-20,,2021-01-20 00:00:00,unchanged,回顧大敵當前，連貫記憶用，非新的pattern觸發,high_hanging_man,False,no_trigger_in_window,
666C90D7BC58F0E0E9629CAD711FD56F,04-高檔吊首,hanging_man,東森,2614,2021-06-23,2021-06-23,2021-06-23 00:00:00,3,article_text,confirmed_signal,True,文章明示「定義已符合，隔天日落」,[NO_OHLCV name=東森] 獲利狀態時，期望能提前賣出股票，已經學過轉折的人，就會看到下影線以為是高檔吊首，其實還是需要經過股價有沒有要繼續攻擊或者是日落的確認。  **110-06-23,False,True,2021-06-23,2021-06-23,2021-06-23 00:00:00,unchanged,文章明示「定義已符合，隔天日落」,high_hanging_man,True,hit,2021-06-23
666C90D7BC58F0E0E9629CAD711FD56F,04-高檔吊首,hanging_man,鴻準,2354,2015-12-11,2015-12-11,2015-12-11 00:00:00,3,article_text,context_only,,低檔上影線範例（非 hanging_man），用來教倒T,[NO_OHLCV name=鴻準] ，或者股價超跌都好，可是定義沒辦法涵蓋所有不同的背景通用。  不過答案相同，只要低點再被跌破，就表示空方勢還在進行中，這一點必須理解。  **104-12-11,False,,2015-12-11,,2015-12-11 00:00:00,unchanged,低檔上影線範例（非 hanging_man），用來教倒T,high_hanging_man,False,no_trigger_in_window,
666C90D7BC58F0E0E9629CAD711FD56F,04-高檔吊首,hanging_man,鴻準,2354,2015-12-22,2015-12-22,2015-12-22 00:00:00,3,article_text,context_only,,低檔上影線後再破底範例,[NO_OHLCV name=鴻準] 以因為有了一個「倒T」就進去摸底，至少要等到「隔天」股價不再跌破低點，很多人都習慣性地有了個影子就想先搶進，這是交易上的風險擴大行為。  **104-12-22,False,,2015-12-22,,2015-12-22 00:00:00,unchanged,低檔上影線後再破底範例,high_hanging_man,False,no_trigger_in_window,
666C90D7BC58F0E0E9629CAD711FD56F,04-高檔吊首,hanging_man,佳世達,2352,2021-05-21,2021-05-21,2021-05-21 00:00:00,3,article_text,context_only,,低檔上影線示範非 hanging_man,[NO_OHLCV name=佳世達] 有支撐，那麼真的有支撐意義股價就不會跌破；低檔上影線也確實讓人以為有壓力，如果不是壓力，而是價值投資的價位顯現，那就不至於股價再破底。  **110-05-21,False,,2021-05-21,,2021-05-21 00:00:00,unchanged,低檔上影線示範非 hanging_man,high_hanging_man,False,no_trigger_in_window,
666C90D7BC58F0E0E9629CAD711FD56F,04-高檔吊首,hanging_man,元太,8069,2021-05-17,2021-05-17,2021-05-17 00:00:00,3,article_text,context_only,,低檔上影線示範,[NO_OHLCV name=元太] 於多空波動狀態下的前一個低點不容易確認。但是這個目前的回檔低點，的確帶著上影線，且暫時沒有再跌破，就同樣也不需要把上影線又視之為壓力。  **110-05-17,False,,2021-05-17,,2021-05-17 00:00:00,unchanged,低檔上影線示範,high_hanging_man,False,no_trigger_in_window,
666C90D7BC58F0E0E9629CAD711FD56F,04-高檔吊首,hanging_man,元太,8069,2021-05-18,2021-05-18,2021-05-18 00:00:00,3,article_text,context_only,,低檔上影線示範,[NO_OHLCV name=元太] 影線以為是有壓力，其實對於中期投資的角度有可能是短線籌碼的清洗，只要不是再創新低都沒有續弱的問題，所以照樣不需要把上影線單純視為壓力。  **110-05-18,False,,2021-05-18,,2021-05-18 00:00:00,unchanged,低檔上影線示範,high_hanging_man,False,no_trigger_in_window,
666C90D7BC58F0E0E9629CAD711FD56F,04-高檔吊首,hanging_man,元太,8069,2021-06-15,2021-06-15,2021-06-15 00:00:00,3,article_text,context_only,,低檔上影線示範後續,[NO_OHLCV name=元太] 跌破，就不需要停損。如果是中期弱勢，也不會遇到壓力還先反彈一下才掉下來，這也是低檔上影線出現之後，觀察這根上影線有沒有被越過的重要性。  **110-06-15,False,,2021-06-15,,2021-06-15 00:00:00,unchanged,低檔上影線示範後續,high_hanging_man,False,no_trigger_in_window,
6C03240289991A8B7F5D99C5DC2409D5,12-夜星與島狀反轉,island_reversal_bear,十銓,4967,2021-09-23,2021-09-23,2021-09-23,3,article_text,context_only,False,夜星島狀反轉，向下跳空缺口明顯,[NO_OHLCV name=十銓] 向下跳空這麼明顯，因為這樣顯然無法出貨給散戶，明確的弱勢散戶還是看得懂的，所以往往出現向下跳空成立島狀反轉時，中間已經經歷過太多天了。  **110-09-23,False,True,2021-09-23,,2021-09-23,unclear_chart_alignment,老師明示「為賦新辭強說愁」非真正島狀反轉、課程行72反例案例；圖06原本URL-only未下載,evening_star_island_reversal,False,no_trigger_in_window,
71B4F99819BB5207A78994BEC40FC79D,14-黑三兵與外側三黑,outside_three_black,燦坤,2430,2021-10-21,2021-10-21,2021-10-21 00:00:00,3,article_text,confirmed_signal,True,外側三黑第3根長黑摜破，轉折定義成立,[NO_OHLCV name=燦坤] 是在長期緩漲的個股比較容易出現。  「外側三黑」發生的個股，通常成交量都不會像是熱門股這麼大，所以通常是高價股或者冷門股比較容易出現。  **110-10-21,False,False,2021-10-21,2021-10-21,2021-10-21 00:00:00,unchanged,外側三黑第3根長黑摜破，轉折定義成立,outside_three_black,True,hit,2021-10-21
71B4F99819BB5207A78994BEC40FC79D,14-黑三兵與外側三黑,outside_three_black,燦坤,2430,2021-11-11,2021-11-11,2021-11-11 00:00:00,3,article_text,context_only,,回顧外側三黑後持股不值得留戀的結論,[NO_OHLCV name=燦坤] 得這一檔一直往上拉抬以後出得掉。  不管是哪一種可能，有轉折出現，都不值得我們留戀，這也是持有股票的風險所在，轉折組合必須看得懂才行。  **110-11-11,False,,2021-11-11,,2021-11-11 00:00:00,unchanged,回顧外側三黑後持股不值得留戀的結論,outside_three_black,False,no_trigger_in_window,
71B4F99819BB5207A78994BEC40FC79D,14-黑三兵與外側三黑,outside_three_black,前鼎,4908,2019-12-11,2019-12-11,2019-12-11 00:00:00,3,article_text,context_only,False,跳空反轉，向下跳空缺口，與外側三黑對比,[NO_OHLCV name=前鼎] 旦漲上去了就會有媒體討論，彷彿這家公司體質有所轉變一樣，事實上營運並沒有真的這麼大的改變。  ---  **對比「跳空反轉」的範例**  **108-12-11,False,True,2019-12-11,2019-12-11,2019-12-11 00:00:00,duplicate_of_earlier,老師明示「對比跳空反轉的範例」(article 14 line 48)；duplicate of gap_reversal 4908 case in article 08,outside_three_black,False,no_trigger_in_window,
92E64EAB9982ADE91CB903046E5FA04F,08-跳空反轉,gap_down_reversal,前鼎,4908,2019-12-11,2019-12-11,2019-12-11 00:00:00,3,article_text,confirmed_signal,True,跳空反轉，向下跳空缺口，與外側三黑對比,[NO_OHLCV name=前鼎] 缺口，同樣是缺口越大，空方力道越強烈。**  除了黑K吞噬、高檔長黑之外，跳空反轉是個股中最常見的組合型態，原因在於「力量」上的轉變。  **108-12-11,False,True,2019-12-11,2019-12-11,2019-12-11 00:00:00,unchanged,跳空反轉，向下跳空缺口，與外側三黑對比,gap_reversal,True,hit,"2019-12-11,2019-12-16"
92E64EAB9982ADE91CB903046E5FA04F,08-跳空反轉,gap_down_reversal,前鼎,4908,2020-07-28,2021-01-15,2020-07-28,3,article_text,confirmed_signal,True,跳空反轉，長紅後黑K再隔天向下跳空,[NO_OHLCV name=前鼎] pg)  跳空反轉的分解說明是，本來好像有一根長紅或者突破新高的紅K，隔天雖然是日出(也有可能是孕線的黑K)，再隔一天卻開盤往下跳空。  **110-01-15,False,True,2021-01-15,2020-07-28,2020-07-28,vision_circle_position,圖02 cursor 110/1/15，綠圈在109/7-8跳空反轉位置,gap_reversal,True,hit,"2020-07-27,2020-07-28,2020-07-29"
92E64EAB9982ADE91CB903046E5FA04F,08-跳空反轉,gap_down_reversal,南電,8046,2020-07-01,2020-07-01,2020-07-01 00:00:00,3,article_text,setup_only,False,文章明示：看到日出就提前賣是錯誤，不宜提前,[NO_OHLCV name=南電] 雙鴉躍空，都是很容易因為K線圖可能將會發生轉折，就打算**「提前在定義未完成時」**就趁高賣出的類型，因此延伸的說明有必要分解來細說。  **109-07-01,False,,2020-07-01,,2020-07-01 00:00:00,unchanged,文章明示：看到日出就提前賣是錯誤，不宜提前,gap_reversal,False,no_trigger_in_window,
92E64EAB9982ADE91CB903046E5FA04F,08-跳空反轉,gap_down_reversal,南電,8046,2020-07-03,2020-07-03,2020-07-03 00:00:00,3,article_text,context_only,,兩天後創新高，說明不提前反應的重要性,[NO_OHLCV name=南電] 空，打算先賣一趟，這是一種預設心理，卻忽略了突破前高要以最後一根紅K假設原理來設定出場點，只擔心股價隔天會跳空，那萬一沒有跳空出現呢？  **109-07-03,False,,2020-07-03,,2020-07-03 00:00:00,unchanged,兩天後創新高，說明不提前反應的重要性,gap_reversal,False,no_trigger_in_window,
978854A6B0757492FB6A99F8E92A41EC,03-母子晨星,morning_star_harami,統一超,2912,2018-07-30,2018-07-30,2018-07-30 00:00:00,3,article_text,context_only,,文章明示「不是母子晨星，只是孕線」,[NO_OHLCV name=統一超] 是母子晨星，而是單純的孕線組合而已，而孕線就是延續前一天的走勢震盪，但是區間縮小，沒有其他意思。  ---  **錯誤的反過來使用**  **107-07-30,False,,2018-07-30,,2018-07-30 00:00:00,unchanged,文章明示「不是母子晨星，只是孕線」,morning_star_harami,False,no_trigger_in_window,
9D8B76607439F24FB8AD2026044D988B,16-多方單日反轉,bullish_one_day_reversal,圓展,3669,2021-09-08,2021-09-08,2021-09-08 00:00:00,3,article_text,setup_only,False,文章明示：隔天繼續觀察低點，不能單純隔日確認,[NO_OHLCV name=圓展] 價再創新低，就表示依然照著多空波動原理的空方前進，那麼，雖然看起來空方已經持續很久了，可是**無力**照樣可以讓股價再繼續往空方前進。  **110-09-08,False,,2021-09-08,,2021-09-08 00:00:00,unchanged,文章明示：隔天繼續觀察低點，不能單純隔日確認,,,extras_pattern_skipped,
9D8B76607439F24FB8AD2026044D988B,16-多方單日反轉,bullish_one_day_reversal,圓展,3669,2021-10-18,2021-10-18,2021-10-18 00:00:00,3,article_text,setup_only,False,文章明示：多方單日反轉不能光靠隔日日出確認,[NO_OHLCV name=圓展] 在的角度來說，只要眼前的「低點不要再跌破」，暫時都可以先視之為反轉的可能，可是股價如果接下來又無力，沒人要買，照樣可以繼續往空方前進。  **110-10-18,False,,2021-10-18,,2021-10-18 00:00:00,unchanged,文章明示：多方單日反轉不能光靠隔日日出確認,,,extras_pattern_skipped,
AF12D42CF0CF4600F29D9C4ACA41C5B7,06-大敵當前,enemy_at_gate,東和,1414,2020-11-20,2020-11-20,2020-11-20 00:00:00,3,article_text,confirmed_signal,True,大敵當前，跌破長紅中值，遇壓阻礙定義成立,[NO_OHLCV name=東和] 頭階段的變化，往往也是一樣，連續的紅K之後卻沒有辦法把行情拉開，加上遇到前壓，在東和的例子是高點壓力在大敵當前出現時，一週以前的高點。  **109-11-20,False,True,2020-11-20,2020-11-20,2020-11-20 00:00:00,unchanged,大敵當前，跌破長紅中值，遇壓阻礙定義成立,three_red_dadi_dangqian,True,hit,2020-11-20
AF12D42CF0CF4600F29D9C4ACA41C5B7,06-大敵當前,enemy_at_gate,東和,1414,2021-01-20,2021-01-20,2021-01-20 00:00:00,3,article_text,context_only,,回顧大敵當前，連貫記憶用，非新的pattern觸發,[NO_OHLCV name=東和] 高出一些的心態，這裡就更明確的遇到了賣盤的壓力，尤其是前高黑K帶著大量，表示那個位置已經被出脫不少，套著的人往往是拉回又承接的短線客。  **110-01-20,False,,2021-01-20,,2021-01-20 00:00:00,unchanged,回顧大敵當前，連貫記憶用，非新的pattern觸發,three_red_dadi_dangqian,False,no_trigger_in_window,
E79401532D60CC63B302926C2C33FB50,02-包覆線吞噬,engulfing,康控,4943,2017-12-04,2017-12-04,2017-12-04 00:00:00,3,article_text,context_only,,反例：非攻擊背景的包覆，光看形狀是錯誤的,[NO_OHLCV name=康控-KY] 判斷出現錯誤，就像是第二個橘圈也是實體包覆，但並不是攻擊狀態中，所以出現後股價沒有因此下跌，還往上漲，所以光看圖形不考慮力量是不行的。  **106-12-04,False,,2017-12-04,,2017-12-04 00:00:00,unchanged,反例：非攻擊背景的包覆，光看形狀是錯誤的,,,extras_pattern_skipped,
E79401532D60CC63B302926C2C33FB50,02-包覆線吞噬,engulfing,聯發科,2454,2020-07-28,2020-07-28,2020-07-28 00:00:00,3,article_text,confirmed_signal,True,空頭吞噬，新高紅K被黑K包覆,[NO_OHLCV name=聯發科] 康控基本面這幾年越來越差所致。  如果股價再次突破呢？那就要有基本面更加亮眼的財報才有機會。  ---  **新的拉抬力量再次出現**  **109-07-28,False,,2020-07-28,2020-07-28,2020-07-28 00:00:00,unchanged,空頭吞噬，新高紅K被黑K包覆,,,extras_pattern_skipped,
E79401532D60CC63B302926C2C33FB50,02-包覆線吞噬,engulfing,聯發科,2454,2020-12-22,2020-12-22,2020-12-22 00:00:00,3,article_text,context_only,,五個月後型態突破，說明突破越過黑K包覆,[NO_OHLCV name=聯發科] 70323.jpg)  上圖同樣是空頭吞噬出現轉折的狀況，股價上創新高的紅K且出現有幅度的拉抬，被一根黑K包覆代表空頭吞噬的轉折意義。  **109-12-22,False,,2020-12-22,,2020-12-22 00:00:00,unchanged,五個月後型態突破，說明突破越過黑K包覆,,,extras_pattern_skipped,
E79401532D60CC63B302926C2C33FB50,02-包覆線吞噬,engulfing,佳必琪,6197,2015-08-26,2015-08-26,2015-08-26,3,article_text,confirmed_signal,True,多頭吞噬（紅包黑），空方力竭+大盤悲觀背景,[NO_OHLCV name=佳必琪] 而已，因為前一天的黑K如果不是破底、創新低的狀況，就沒有力量竭盡的可能意義，也就是空方力竭時，多方收回失土的轉折組合，這就是多頭吞噬。  **104-08-26,False,,2015-08-26,,2015-08-26,unclear_chart_alignment,圖顯示3227原相而非6197佳必琪，ticker不符無法確認日期,,,extras_pattern_skipped,
E79401532D60CC63B302926C2C33FB50,02-包覆線吞噬,engulfing,鈺太,6679,2021-05-21,2021-05-21,2021-05-21 00:00:00,3,article_text,context_only,,反例：形狀符合但無空方力竭背景，光看形狀不行,[NO_OHLCV name=鈺太] 切記的是如果黑K吞噬後股價再創新高，那麼原本的轉折意義就消失；如果低檔有紅K吞噬，後來股價卻再創新低，那就表示還是沒有存在力竭的意義。  **110-05-21,False,,2021-05-21,,2021-05-21 00:00:00,unchanged,反例：形狀符合但無空方力竭背景，光看形狀不行,,,extras_pattern_skipped,
EDFE0FB85503F88DFB6696C9EACA00D4,10-突破雙星,breakout_two_star,瑞儀,6176,2020-11-05,2020-11-05,2020-11-05 00:00:00,3,article_text,setup_only,False,文章明示：隔天黑K跌回→無資金拉抬，型態未確認,[NO_OHLCV name=瑞儀] 作為實際範例討論，對於操作我們應該要注意哪些面向？  這些面向包括：賣壓化解、頸線突破、季線扣抵、突破整理區間紅K以及隔天，遇壓問題。  **109-11-05,False,,2020-11-05,,2020-11-05 00:00:00,unchanged,文章明示：隔天黑K跌回→無資金拉抬，型態未確認,breakout_double_star,False,no_trigger_in_window,
EDFE0FB85503F88DFB6696C9EACA00D4,10-突破雙星,breakout_two_star,瑞儀,6176,2020-12-11,2020-12-11,2020-12-11 00:00:00,3,article_text,setup_only,False,文章明示：紅K後十個交易日無紅K，無力量,[NO_OHLCV name=瑞儀] 是很小，關鍵變化是隔天竟然又是黑K跌回併排的位置，這就證明了一件事：這一檔股票目前沒有任何資金想要拉抬，還是處在隨機漫步的過程中而已。  **109-12-11,False,,2020-12-11,,2020-12-11 00:00:00,unchanged,文章明示：紅K後十個交易日無紅K，無力量,breakout_double_star,False,no_trigger_in_window,
